Verse,Sentence number,Segment ,Sentiment class,Fun Score,Translation ,Relevant lexicon - Sentiment,Relevant lexicon - Fun score,Comments
10-13,1,τὸν αὐτὸν ἄρʼ ἐμοὶ βουκολεῖς Σαβάζιον. κἀμοὶ γὰρ ἀρτίως ἐπεστρατεύσατο Μῆδός τις ἐπὶ τὰ βλέφαρα νυστακτὴς ὕπνος· καὶ δῆτʼ ὄναρ θαυμαστὸν εἶδον ἀρτίως.,Negative,1,"Then you serve the same god as myself. Just now a heavy slumber settled on my eyelids like a hostile Mede; I nodded and, faith! I had a wondrous dream",Μῆδός,θαυμαστὸν,
16-19,2,"ἐδόκουν αἰετὸν καταπτόμενον ἐς τὴν ἀγορὰν μέγαν πάνυ ἀναρπάσαντα τοῖς ὄνυξιν ἀσπίδα φέρειν ἐπίχαλκον ἀνεκὰς ἐς τὸν οὐρανόν, κἄπειτα ταύτην ἀποβαλεῖν Κλεώνυμον.",Negative,2,"I saw an eagle, a gigantic bird, descend upon the market-place; it seized a brazen buckler with its talons and bore it away into the highest heavens; then I saw it was Cleonymus had thrown it away.","αἰετὸν, ἀσπίδα, Κλεώνυμον",,
31-36,3,"ἔδοξέ μοι περὶ πρῶτον ὕπνον ἐν τῇ πυκνὶ ἐκκλησιάζειν πρόβατα συγκαθήμενα, βακτηρίας ἔχοντα καὶ τριβώνια· κἄπειτα τούτοις τοῖς προβάτοισι μοὐδόκει δημηγορεῖν φάλαινα πανδοκεύτρια, ἔχουσα φωνὴν ἐμπεπρησμένης ὑός.",Negative,1,"In my first slumber I thought I saw sheep, wearing cloaks and carrying staves, met in assembly on the Pnyx; a rapacious whale was haranguing them and screaming like a pig that is being grilled.","πυκνὶ, ὑός",φάλαινα,
42-44,4,"ἐδόκει δέ μοι Θέωρος αὐτῆς πλησίον χαμαὶ καθῆσθαι τὴν κεφαλὴν κόρακος ἔχων. εἶτʼ Ἀλκιβιάδης εἶπε πρός με τραυλίσας, ",Neutral,1,"Seated on the ground close to it, I saw Theorus, who had the head of a crow. Then Alcibiades said to me in his lisping way,",,,
48-51,5,"ὅπως; ἄνθρωπος ὢν εἶτʼ ἐγένετʼ ἐξαίφνης κόραξ· οὔκουν ἐναργὲς τοῦτο συμβαλεῖν, ὅτι ἀρθεὶς ἀφʼ ἡμῶν ἐς κόρακας οἰχήσεται;",Mixed,1,Why? He was a man and now he has suddenly become a crow; does it not foretoken that he will take his flight from here and go to the crows?,,,
139-142,6,οὐ περιδραμεῖται σφῷν ταχέως δεῦρʼ ἅτερος; ὁ γὰρ πατὴρ ἐς τὸν ἰπνὸν εἰσελήλυθε καὶ μυσπολεῖ τι καταδεδυκώς. ἀλλʼ ἄθρει κατὰ τῆς πυέλου τὸ τρῆμʼ ὅπως μὴ ʼκδύσεται· σὺ δὲ τῇ θύρᾳ πρόσκεισο.,Negative,1,"Will neither of you come here? My father has got into the stove-chamber and is ferreting about like a rat in his hole. Take care he does not escape through the bath drain. You there, put all your weight against the door.",,,
146-149,7,"νὴ τὸν Δίʼ ὅσπερ γʼ ἐστὶ δριμύτατος καπνῶν. ἀτὰρ οὐκέτʼ ἐρρήσεις γε, ποῦ ʼσθʼ ἡ τηλία; δύου πάλιν· φέρʼ ἐπαναθῶ σοι καὶ ξύλον. ἐνταῦθά νυν ζήτει τινʼ ἀλλην μηχανήν.",Negative,1,"Ah! that's the most acrid of all. But you shall not get out. Where is the chimney cover? Come down again. Now, up with another cross-bar. Now look out for some fresh dodge.",,καπνῶν,
150-151,8,"ἀτὰρ ἄθλιός γʼ εἴιμʼ ὡς ἕτερός γʼ οὐδεὶς ἀνήρ, ὅστις πατρὸς νυνὶ Καπνίου κεκλήσομαι.",Negative,2,But am I not the most unfortunate of men? Henceforward I shall only be called the son of Capnius,,Καπνίου,
153-156,9,"πιέζέ νυν σφόδρα, εὖ κἀνδρικῶς· κἀγὼ γὰρ ἐνταῦθʼ ἔρχομαι. καὶ τῆς κατακλῇδος ἐπιμελοῦ, καὶ τοῦ μοχλοῦ φύλατθʼ ὅπως μὴ τὴν βάλανον ἐκτρώξεται.",Neutral,1,"Throw your weight upon it, come, put heart into the work. I will come and help you. Watch both lock and bolt. Take care he does not gnaw through the peg.",,,
169-171,10,"μὰ τὸν Δίʼ οὐ δῆτʼ, ἀλλʼ ἀποδόσθαι βούλομαι τὸν ὄνον ἄγων αὐτοῖσι τοῖς κανθηλίοις· νουμηνία γάρ ἐστιν.",Negative,1,"No, by Zeus! but I want to go and sell my ass and its panniers, for it's the first of the month.",,,
176-181,11,"ἀλλʼ οὐκ ἔσπασεν ταύτῃ γʼ· ἐγὼ γὰρ ᾐσθόμην τεχνωμένου. ἀλλʼ εἰσιών μοι τὸν ὄνον ἐξάγειν δοκῶ ὅπως ἂν ὁ γέρων μηδὲ παρακύψῃ πάλιν. κάνθων τί κλάεις; ὅτι πεπράσει τήμερον; βάδιζε θᾶττον. τί στένεις, εἰ μὴ φέρεις Ὀδυσσέα τινʼ;",Negative,1,"Yes, but I have not swallowed the hook; I scented the trick. I will go in and fetch the ass, so that the old man may not point his weapons that way again. Stupid old ass, are you weeping because you are going to be sold? Come, go a bit quicker. Why, what are you moaning and groaning for? You might be carrying another Odysseus.","γέρων, κλαίω, στένω","γέρων, κλαίω, στένω","Verb: κλαίω (cry), στένω (groan), "
187-189,12,Οὖτις μὰ τὸν Δίʼ οὔτι χαιρήσων γε σύ. ὕφελκε θᾶττον αὐτόν. ὦ μιαρώτατος ἵνʼ ὑποδέδυκεν· ὥστʼ ἔμοιγʼ ἰνδάλλεται ὁμοιότατος κλητῆρος εἶναι πωλίῳ.,Negative,1,"Ha! Mister Noman, you will not laugh presently. Pull him out quick. Ah! the wretch, where has he crept to? Does he not resemble a she-ass to the life?",μιαρός,Οὖτις,
193-195,13,"ἐγὼ πονηρός; οὐ μὰ Δίʼ ἀλλʼ οὐκ οἶσθα σὺ νῦν μʼ ὄντʼ ἄριστον· ἀλλʼ ἴσως, ὅταν φάγῃς ὑπογάστριον γέροντος ἡλιαστικοῦ.",Negative,1,A poor man! Ah! by Zeus! you know not now what I am worth; but you will know when you disembowel the old Heliast's money-bag.,,,
198-202,14,"ἔνδον κέκραχθι τῆς θύρας κεκλῃμένης. ὤθει σὺ πολλοὺς τῶν λίθων πρὸς τὴν θύραν, καὶ τὴν βάλανον ἔμβαλλε πάλιν ἐς τὸν μοχλόν, καὶ τῇ δοκῷ προσθεὶς τὸν ὅλμον τὸν μέγαν ἀνύσας τι προσκύλισον.",Neutral,0,"Go and bawl in there under lock and key. And you there, pile plenty of stones against the door, thrust the bolt home into the staple, and to keep this beam in its place roll that great mortar against it. Quick's the word.",,,
207-210,15,"οἴμοι κακοδαίμων, στροῦθος ἁνὴρ γίγνεται· ἐκπτήσεται. ποῦ ποῦ ʼστί μοι τὸ δίκτυον; σοῦ σοῦ, πάλιν σοῦ. νὴ Δίʼ ἦ μοι κρεῖττον ἦν τηρεῖν Σκιώνην ἀντὶ τούτου τοῦ πατρός.",Negative,2,"Ah! woe to us! there he is, he has turned into a sparrow; he will be flying off. Where is the net? where? Shoo! shoo! get back! Ah! by Zeus! I would rather have to guard Scione than such a father.","οἴμοι, κακοδαίμων, Σκιώνην","ποῦ, σοῦ",
211-213,16,"ἄγε νυν, ἐπειδὴ τουτονὶ σεσοβήκαμεν, κοὐκ ἔσθʼ ὅπως διαδὺς ἂν ἡμᾶς ἔτι λάθοι, τί οὐκ ἀπεκοιμήθημεν ὅσον ὅσον στίλην;",Mixed,1,"And now that we have driven him in thoroughly and he can no longer escape without our knowledge, can we not have a few winks of sleep, no matter how few?",,,
217-221,17,"νὴ τὸν Δίʼ, ὀψὲ γοῦν ἀνεστήκασι νῦν. ὡς ἀπὸ μέσων νυκτῶν γε παρακαλοῦσʼ ἀεί, λύχνους ἔχοντες καὶ μινυρίζοντες μέλη ἀρχαῖα μελισιδωνοφρυνιχήρατα, οἷς ἐκκαλοῦνται τοῦτον.",Neutral,1,"Ah, they must have risen late to-day. Generally it is the middle of the night when they come to fetch him. They arrive here, carrying lanterns in their hands and singing the charming old verses of Phrynichus' Sidonian Women; it's their way of calling him.",,μελισιδωνοφρυνιχήρατα,
223-227,18,"ἀλλʼ ὦ πόνηρε τὸ γένος ἤν τις ὀργίσῃ τὸ τῶν γερόντων, ἔσθʼ ὅμοιον σφηκιᾷ. ἔχουσι γὰρ καὶ κέντρον ἐκ τῆς ὀσφύος ὀξύτατον, ᾧ κεντοῦσι, καὶ κεκραγότες πηδῶσι καὶ βάλλουσιν ὥσπερ φέψαλοι.",Negative,0,"What! you dare to speak so? Why, this class of old men, if irritated, becomes as terrible as a swarm of wasps. They carry below their loins the sharpest of stings, with which to prick their foe; they shout and leap and their stings burn like so many sparks.","σφηκιᾷ, πόνηρε",πόνηρε,
251-253,19,"τί δὴ μαθὼν τῷ δακτύλῳ τὴν θρυαλλίδʼ ὠθεῖς, καὶ ταῦτα τοὐλαίου σπανίζοντος ὦνόητε; οὐ γὰρ δάκνει σʼ, ὅταν δέῃ τίμιον πρίασθαι.",Negative,1,"Why do you pull out the wick, you little dolt? Oil is scarce, and it's not you who suffer when it has to be paid for.",ὦνόητε,,
254-257,20,"εἰ νὴ Δίʼ αὖθις κονδύλοις νουθετήσεθʼ ἡμᾶς, ἀποσβέσαντες τοὺς λύχνους ἄπιμεν οἴκαδʼ αὐτοί· κἄπειτʼ ἴσως ἐν τῷ σκότῳ τουτουὶ στερηθεὶς τὸν πηλὸν ὥσπερ ἀτταγᾶς τυρβάσεις βαδίζων.",Negative,2,"If you teach us again with your fists, we shall put out the lamps and go home; then you will have no light and will squatter about in the mud like ducks in the dark.","σκότῳ, πηλὸν ",ἀτταγᾶς,
293-296,21,"πάνυ γʼ ὦ παιδίον. ἀλλʼ εἰπέ, τί βούλει με πρίασθαι καλόν; οἶμαι δέ σʼ ἐρεῖν ἀστραγάλους δήπουθεν ὦ παῖ.",Positive,1,"Assuredly, my child, but tell me what nice thing do you want me to buy you? A set of knuckle-bones, I suppose.","πάνυ, καλός",ἀστράγαλος,
303-308,22,"ἄγε νυν ὦ πάτερ ἢν μὴ τὸ δικαστήριον ἅρχων καθίσῃ νῦν, πόθεν ὠνησόμεθʼ ἄριστον; ἔχεις ἐλπίδα χρηστήν τινα νῷν ἢ πόρον Ἕλλας ἱρὸν εὑρεῖν;",Neutral,2,"But, father, if the Archon should not form a court to-day, how are we to buy our dinner? Have you some good hope to offer us or only ""Helle's sacred waves""?",,,
340,23,"οὐκ ἐᾷ μʼ ὦνδρες δικάζειν οὐδὲ δρᾶν οὐδὲν κακόν, ἀλλά μʼ εὐωχεῖν ἕτοιμός ἐστʼ· ἐγὼ δʼ οὐ βούλομαι.",Negative,2,"My friends, he will not have me judge nor do anyone any ill, but he wants me to stay at home and enjoy myself, and I will not.",,κακόν,
341-345,24,"τοῦτʼ ἐτόλμησʼ ὁ μιαρὸς χανεῖν ὁ Δημολογοκλέων  ὅτι λέγεις  ἀληθές. οὐ γὰρ ἄν ποθʼ οὗτος ἁνὴρ τοῦτʼ ἐτόλμησεν λέγειν, εἰ μὴ ξυνωμότης τις ἦν.",Negative,1,"And does this wretch, this Demologocleon dare to say such odious things, just because you tell the truth about our navy? He would not have dared, had he not been a conspirator.","μιαρὸς, Δημολογοκλέων, ξυνωμότης","Δημολογοκλέων, ξυνωμότης","Δημολογοκλέων is the first part of Bdelycleon's name replaced with ""demologos"" which means politician."
346-347,25,"ἀλλʼ ἐκ τούτων ὥρα τινά σοι ζητεῖν καινὴν ἐπίνοιαν, ἥτις σε λάθρᾳ τἀνδρὸς τουδὶ καταβῆναι δεῦρο ποιήσει.",Neutral,0,"But meanwhile, you must devise some new dodge, so that you can come down here without his knowledge.",,,
348-349,26,"τίς ἂν οὖν εἴη; ζητεῖθʼ ὑμεῖς, ὡς πᾶν  οὕτω κιττῶ διὰ τῶν σανίδων μετὰ χοιρίνης περιελθεῖν.",Mixed,1,"But what? Try to find some way. For myself, I am ready for anything, so much do I burn to run along the tiers of the tribunal with my voting-pebble in my hand.",,χοιρίνης,
350-351,27,"ἔστιν ὀπὴ δῆθʼ ἥντινʼ ἂν ἔνδοθεν οἷός τʼ εἴης διορύξαι, εἶτʼ ἐκδῦναι ῥάκεσιν κρυφθεὶς ὥσπερ πολύμητις Ὀδυσσεύς;",Positive,1,"There is surely some hole through which you could manage to squeeze from within, and escape dressed in rags, like the crafty Odysseus.",δῆτα,Ὀδυσσεύς,
352-353,28,πάντα πέφαρκται κοὐκ ἔστιν ὀπῆς οὐδʼ εἰ σέρφῳ διαδῦναι. ἀλλʼ ἄλλο τι δεῖ ζητεῖν ὑμᾶς· ὀπίαν δʼ οὐκ ἔστι γενέσθαι.,Negative,1,Everything is sealed fast; not so much as a gnat could get through. Think of some other plan; there is no possible hole of escape.,"κοὐκ, οὐκ",ὀπίας,pun with ὀπίαν
354-355,29,"μέμνησαι δῆθʼ, ὅτʼ ἐπὶ στρατιᾶς κλέψας ποτὲ τοὺς ὀβελίσκους ἵεις σαυτὸν κατὰ τοῦ τείχους ταχέως, ὅτε Νάξος ἑάλω.",Neutral,1,"Do you recall how, when you were with the army at the taking of Naxos, you descended so readily from the top of the wall by means of the spits you had stolen?","στράτιος, ταχύς",,
356-357,30,"οἶδʼ· ἀλλὰ τί τοῦτʼ; οὐδὲν γὰρ τοῦτʼ ἐστὶν ἐκείνῳ προσόμοιον. ἥβων γὰρ κἀδυνάμην κλέπτειν, ἴσχυόν τʼ αὐτὸς ἐμαυτοῦ,",Neutral,1,"I remember that well enough, but what connection is there with present circumstances? I was young, clever at thieving, I had all my strength,",,,
358-364,31,"κοὐδείς μʼ ἐφύλαττʼ, ἀλλʼ ἐξῆν μοι φεύγειν ἀδεῶς. νῦν δὲ ξὺν ὅπλοις ἄνδρες ὁπλῖται διαταξάμενοι κατὰ τὰς διόδους σκοπιωροῦνται, τὼ δὲ δύʼ αὐτῶν ἐπὶ ταῖσι θύραις ὥσπερ με γαλῆν κρέα κλέψασαν τηροῦσιν ἔχοντʼ ὀβελίσκους.",Mixed,1,"none watched over me, and I could run off without fear. But to-day men-at-arms are placed at every outlet to watch me, and two of them are lying in wait for me at this very door armed with spits, just as folks lie in wait for a cat that has stolen a piece of meat.",ἀδεής,"ὁπλίτης, γαλέη",
372-378,32,"μηδὲν ὦ τᾶν δέδιθι, μηδέν· ὡς ἐγὼ τοῦτόν γʼ, ἐὰν γρύξῃ τι, ποιήσω δακεῖν τὴν καρδίαν καὶ τὸν περὶ ψυχῆς δρόμον δραμεῖν, ἵνʼ εἰδῇ μὴ πατεῖν τὰ τοῖν θεοῖν ψηφίσματα.",Neutral,0,"Have no fear, have no fear! if he breathes a syllable, it will be to bruise his own knuckles; he will have to fight to defend his own head. We shall teach him not to insult the mysteries of the goddesses.",,,
379-380,33,ἀλλʼ ἐξάψας διὰ τῆς θυρίδος τὸ καλῴδιον εἶτα καθίμα δήσας σαυτὸν καὶ τὴν ψυχὴν ἐμπλησάμενος Διοπείθους.,Neutral,1,"But fasten a rope to the window, tie it around your body and let yourself down to the ground, with your heart bursting with the fury of Diopithes.",,Διοπείθης,
383-384,34,ἀμυνοῦμέν σοι τὸν πρινώδη θυμὸν ἅπαντες καλέσαντες ὥστʼ οὐ δυνατόν σʼ εἵργειν ἔσται· τοιαῦτα ποιήσομεν ἡμεῖς.,Positive,1,We shall call up the full strength of our oak-tough courage to your aid. That is what we will do.,"πρινώδης, δυνατός",δυνατός,
385-386,35,"δράσω τοίνυν ὑμῖν πίσυνος, καὶ — μανθάνετʼ; — ἤν τι πάθω ʼγώ, ἀνελόντες καὶ κατακλαύσαντες θεῖναί μʼ ὑπὸ τοῖσι δρυφάκτοις.",Mixed,2,"I trust myself to you and risk the danger. If misfortune overtakes me, take away my body, bathe it with your tears and bury it beneath the bar of the tribunal.","πίσυνος, κατακλαίω",,verb: κατακλαίω (bewail)
398-399,36,"ἀνάβαινʼ ἀνύσας κατὰ τὴν ἑτέραν καὶ ταῖσιν φυλλάσι παῖε, ἤν πως πρύμνην ἀνακρούσηται πληγεὶς ταῖς εἰρεσιώναις.",Negative,0,"Mount quick to the other window, strike him with the boughs that hang over the entrance; perhaps he will turn back when he feels himself being thrashed.",,,
400-402,37,"οὐ ξυλλήψεσθʼ ὁπόσοισι δίκαι τῆτες μέλλουσιν ἔσεσθαι, ὦ Σμικυθίων καὶ Τεισιάδη καὶ Χρήμων καὶ Φερέδειπνε; πότε δʼ, εἰ μὴ νῦν, ἐπαρήξετέ μοι, πρίν μʼ εἴσω μᾶλλον ἄγεσθαι;",Neutral,1,"To the rescue! all you, who are going to have lawsuits this year —Smicythion, Tisiades, Chremon and Pheredipnus. It's now or never, before they force me to return, that you must help.",,"Χρήμων, Φερέδειπνε","These two names are linked to known politicians from the time. The other two names are most likely the same, but it is not known for sure so I didn't include them in the fun."
418-419,38,"ταῦτα δῆτʼ οὐ δεινὰ καὶ τυραννίς ἐστιν ἐμφανής; ὦ πόλις καὶ Θεώρου θεοισεχθρία, κεἴ τις ἄλλος προέστηκεν ἡμῶν κόλαξ.",Negative,1,"Oh! citizens, oh! Theorus, the enemy of the gods! and all you flatterers, who rule us! come to our aid.",θεοισεχθρία,κόλαξ,
422-425,39,"καὶ σέ γʼ αὐτοῖς ἐξολοῦμεν· ἀλλὰ πᾶς ἐπίστρεφε δεῦρο κἀξείρας τὸ κέντρον εἶτʼ ἐπʼ αὐτὸν ἵεσο, ξυσταλεὶς εὔτακτος ὀργῆς καὶ μένους ἐμπλήμενος, ὡς ἂν εὖ εἰδῇ τὸ λοιπὸν σμῆνος οἷον ὤργισεν.",Negative,2,"And you too shall die. Turn yourselves this way, all, with your stings out for attack and throw yourselves upon him in good and serried order, and swelled up with wrath and rage. Let him learn to know the sort of foes he has dared to irritate.",ὀργίζω,,verb: ὀργίζω (make angry)
430-432,40,"εἶά νυν ὦ ξυνδικασταὶ σφῆκες ὀξυκάρδιοι, οἱ μὲν ἐς τὸν πρωκτὸν αὐτῶν ἐσπέτεσθʼ ὠργισμένοι, οἱ δὲ τὠφθαλμὼ κύκλῳ κεντεῖτε καὶ τοὺς δακτύλους.",Positive,1,"Come, my dear companions, wasps with relentless hearts, fly against him, animated with your fury. Sting him in the arse, eyes, and fingers.",σφῆκες,πρωκτός,
433-436,41,"ὦ Μίδα καὶ Φρὺξ βοήθει δεῦρο καὶ Μασιντύα, καὶ λάβεσθε τουτουὶ καὶ μὴ μεθῆσθε μηδενί· εἰ δὲ μή, ʼν πέδαις παχείαις οὐδὲν ἀριστήσετε. ὡς ἐγὼ πολλῶν ἀκούσας οἶδα θρίων τὸν ψόφον.",Negative,1,"Midas, Phryx, Masyntias, here! Come and help. Seize this man and hand him over to no one, otherwise you shall starve to death in chains. Fear nothing, I have often heard the crackling of fig-leaves in the fire.",,"Μίδα, Φρὺξ, Μασιντύα",
438-440,42,"ὦ Κέκροψ ἥρως ἄναξ τὰ πρὸς ποδῶν Δρακοντίδη, περιορᾷς οὕτω μʼ ὑπʼ ἀνδρῶν βαρβάρων χειρούμενον, οὓς ἐγὼ ʼδίδαξα κλάειν τέτταρʼ ἐς τὴν χοίνικα;",Negative,1,"Oh, Cecrops, mighty hero with the tail of a dragon! Seest thou how these barbarians ill-use me — me, who have many a time made them weep a full bushel of tears?","βάρβαρος, κλαίω",Κέκροψ,verb: κλαίω (cry)
448-452,43,"οὐκ ἀφήσεις οὐδὲ νυνί μʼ ὦ κάκιστον θηρίον, οὐδʼ ἀναμνησθεὶς ὅθʼ εὑρὼν τοὺς βότρυς κλέπτοντά σε προσαγαγὼν πρὸς τὴν ἐλάαν ἐξέδειρʼ εὖ κἀνδρικῶς, ὥστε σε ζηλωτὸν εἶναι; σὺ δʼ ἀχάριστος ἦσθʼ ἄρα. ἀλλʼ ἄνες με καὶ σὺ καὶ σύ, πρὶν τὸν υἱὸν ἐκδραμεῖν.",Negative,1,"Will you let me go, you accursed animal? Don't you remember the day when I suprised you stealing the grapes; I tied you to an olive-tree and I cut open your bottom with such vigorous lashes that folks thought you had been raped. Get away, you are ungrateful. But let go of me, and you too, before my son comes up.","κακός, ","θηρίον, ζηλωτός",
453-455,44,"ἀλλὰ τούτων μὲν τάχʼ ἡμῖν δώσετον καλὴν δίκην, οὐκέτʼ ἐς μακρὰν ἵνʼ εἰδῆθʼ οἷός ἐστʼ ἀνδρῶν τρόπος ὀξυθύμων καὶ δικαίων καὶ βλεπόντων κάρδαμα.",Negative,1,"You shall repay us for all this, and that soon. Tremble at our ferocious glance; you shall taste our just anger.","ὀξύθυμος, κάρδαμον",,
461-462,45,"ἀλλὰ μὰ Δίʼ οὐ ῥᾳδίως οὕτως ἂν αὐτοὺς διέφυγες, εἴπερ ἔτυχον τῶν μελῶν τῶν Φιλοκλέους βεβρωκότες.",Neutral,2,Eh! by Zeus! you would not have put them to flight so easily if they had fed on the verses of Philocles.,,Φιλοκλέους,
463-470,46,"ἆρα δῆτʼ οὐκ αὐτὰ δῆλα τοῖς πένησιν, ἡ τυραννὶς †ὡς λάθρᾳ γʼ ἐλάνθανʼ ὑπιοῦσά με,† εἰ σύ γʼ ὦ πόνῳ πόνηρε καὶ κομηταμυνία τῶν νόμων ἡμᾶς ἀπείργεις ὧν ἔθηκεν ἡ πόλις, οὔτε τινʼ ἔχων πρόφασιν οὔτε λόγον εὐτράπελον, αὐτὸς ἄρχων μόνος;",Negative,1,"It is clear to all the poor that tyranny has attacked us sorely.
Proud emulator of Amynias, you, who only take pleasure in doing ill, see how you are preventing us from obeying the laws of the city; you do not even seek a pretext or any plausible excuse, but claim to rule alone.","πονηρός, κομηταμυνία",,
474-476,47,"σοὐς λόγους ὦ μισόδημε καὶ μοναρχίας ἐραστά, καὶ ξυνὼν Βρασίδᾳ καὶ φορῶν κράσπεδα στεμμάτων τήν θʼ ὑπήνην ἄκουρον τρέφων;",Negative,1,"Confer with you, the people's foe! with you, a royalist and accomplice of Brasidas, you with your woollen-fringed coat and your long beard?","μισόδημος, ἄκουρος",Βρασίδᾳ,
477-478,48,νὴ Δίʼ ἦ μοι κρεῖττον ἐκστῆναι τὸ παράπαν τοῦ πατρὸς μᾶλλον ἢ κακοῖς τοσούτοις ναυμαχεῖν ὁσημέραι.,Negative,1,Ah! it would be better to separate altogether from my father than to steer my boat daily through such stormy seas!,,,
480-483,49,"οὐδὲ μὴν οὐδʼ ἐν σελίνῳ σοὐστὶν οὐδʼ ἐν πηγάνῳ· τοῦτο γὰρ παρεμβαλοῦμεν τῶν τριχοινίκων ἐπῶν. ἀλλὰ νῦν μὲν οὐδὲν ἀλγεῖς, ἀλλʼ ὅταν ξυνήγορος ταὐτὰ ταῦτα σου καταντλῇ καὶ ξυνωμότας καλῇ.",Negative,1,"Oh! you have but reached the parsley and the rue, to use the common saying. What you are suffering is nothing! but welcome the hour when the advocate shall adduce all these same arguments against you and shall summon your accomplices to give witness.",συνωμότης,,
484-485,50,ἆρʼ ἂν ὦ πρὸς τῶν θεῶν ὑμεῖς ἀπαλλαχθεῖτέ μου; ἢ δέδοκταί μοι δέρεσθαι καὶ δέρειν διʼ ἡμέρας;,Neutral,0,In the name of the gods! withdraw or we shall fight you the whole day long.,,,
500-502,51,"κἀμέ γʼ ἡ πόρνη χθὲς εἰσελθόντα τῆς μεσημβρίας, ὅτι κελητίσαι ʼκέλευον, ὀξυθυμηθεῖσά μοι ἤρετʼ εἰ τὴν Ἱππίου καθίσταμαι τυραννίδα.",Negative,2,"Yesterday I went to see a whore about noon and told her to get on top; she flew into a rage, pretending I wanted to restore the tyranny of Hippias.",ὀξυθυμέω,"πόρνη, Ἱππίας",Participle: ὀξυθυμέω (to be quick to anger)
503-507,52,"ταῦτα γὰρ τούτοις ἀκούειν ἡδἔ, εἰ καὶ νῦν ἐγὼ τὸν πατέρʼ ὅτι βούλομαι τούτων ἀπαλλαχθέντα τῶν ὀρθροφοιτοσυκοφαντοδικοταλαιπώρων τρόπων ζῆν βίον γενναῖον ὥσπερ Μόρυχος, αἰτίαν ἔχω ταῦτα δρᾶν ξυνωμότης ὢν καὶ φρονῶν τυραννικά.",Mixed,1,"That's the talk that pleases the people! As for myself, I want my father to lead a joyous life like Morychus instead of going away before dawn basely to calumniate and condemn; and for this I am accused of conspiracy and tyrannical practice!","συνωμότης, τυραννικός",ὀρθροφοιτοσυκοφαντοδικοταλαίπωροι,"ὀρθροφοιτοσυκοφαντοδικοταλαίπωροι seems to be a compound of a bunch of words, but every word in it is used negatively. should I separate the words out?"
508-511,53,"νὴ Δίʼ ἐν δίκῃ γʼ· ἐγὼ γὰρ οὐδʼ ἂν ὀρνίθων γάλα ἀντὶ τοῦ βίου λάβοιμʼ ἂν οὗ με νῦν ἀποστερεῖς· οὐδὲ χαίρω βατίσιν οὐδʼ ἐγχέλεσιν, ἀλλʼ ἥδιον ἄν δικίδιον σμικρὸν φάγοιμʼ ἂν ἐν λοπάδι πεπνιγμένον.",Mixed,1,"And quite right too, by Zeus! The most exquisite dishes do not make up to me for the life of which you deprive me. I scorn your red mullet and your eels, and would far rather eat a nice little lawsuitlet cooked in the pot.","χαίρω, ἔγχελυς",δικίδιον,"Verb: χαίρω (rejoice) -- the sentence includes οὐδὲ as a qualifier, but the verb itself would have a positive sentiment."
512-514,54,"νὴ Δίʼ εἰθίσθης γὰρ ἥδεσθαι τοιούτοις πράγμασιν· ἀλλʼ ἐὰν σιγῶν ἀνάσχῃ καὶ μάθῃς ἁγὼ λέγω, ἀναδιδάξειν οἴομαί σʼ ὡς πάντα ταῦθʼ ἁμαρτάνεις.",Neutral,0,"That's because you have got used to seeking your pleasure in it; but if you will agree to keep silence and hear me, I think I could persuade you that you deceive yourself altogether.",,,
518-520,55,"οὐ σύ γʼ, ἀλλʼ ὑπηρετεῖς οἰόμενος ἄρχειν· ἐπεὶ δίδαξον ἡμᾶς ὦ πάτερ, ἥτις ἡ τιμή ʼστί σοι καρπουμένῳ τὴν Ἑλλάδα.",Neutral,1,"Not at all, you think you are ruling when you are only obeying. Tell me, father, what do you get out of the tribute paid by so many Greek towns.",,,
529-530,56,"ἐνεγκάτω μοι δεῦρο τὴν κίστην τις ὡς τάχιστα. ἀτὰρ φανεῖ ποῖός τις ὤν, ἢν ταῦτα παρακελεύῃ;",Neutral,1,"Someone bring me a tablet, quick. But what sort of man will be appear to be, if you advise me to do this?",,κίστη,
531-536,57,"μὴ κατὰ τὸν νεανίαν τονδὶ λέγων. ὁρᾷς γὰρ ὥς σοι μέγας ἐστὶν ἁγὼν καὶ περὶ τῶν ἁπάντων, εἴπερ, ὃ μὴ γένοιθʼ, οὗτός",Negative,0,"... to side with this youth in his opinions. You see how serious the question has become; if he should prevail, which the gods forfend, it will be all over for us.",,,The first part of this line was verse 526-528. add the rest of it?
540-545,58,"οὐκέτι πρεσβυτῶν ὄχλος χρήσιμος ἔστʼ οὐδʼ ἀκαρῆ· σκωπτόμενοι δʼ ἐν ταῖς ὁδοῖς θαλλοφόροι καλούμεθʼ, ἀντωμοσιῶν κελύφη.",Negative,1,"That old men are no longer good for anything; we shall be perpetually laughed at in the streets, shall be called thallophores, mere brief-bags.","σκώπτω, θαλλοφόρος",θαλλοφόρος,Verb: σκώπτω (mock)
576-577,59,"δεύτερον αὖ σου τουτὶ γράφομαι, τὴν τοῦ πλούτου καταχήνην· καὶ τἀγαθά μοι μέμνησʼ ἅχεις φάσκων τῆς Ἑλλάδος ἄρχειν.",Negative,1,"A second point to note, the disdain of wealth. And now recall to me what are the advantages you enjoy, you, who pretend to rule over Greece?",καταχήνη,,
621-630,60,"ὅστις ἀκούω ταὔθʼ ἅπερ ὁ Ζεύς; ἢν γοῦν ἡμεῖς θορυβήσωμεν, πᾶς τίς φησιν τῶν παριόντων, κἂν ἀστράψω, ποππύζουσιν κἀγκεχόδασίν μʼ οἱ πλουτοῦντες καὶ πάνυ σεμνοί. καὶ σὺ δέδοικάς με μάλιστʼ αὐτός· νὴ τὴν Δήμητρα δέδοικας, ἐγὼ δʼ ἀπολοίμην εἴ σε δέδοικα.",Positive,1,"If our assembly is noisy, all say as they pass, ""Great gods! the tribunal is rolling out its thunder!"" If I let loose the lightning, the richest, aye, the noblest are half dead with terror and crap for fright. You yourself are afraid of me, yea, by Demeter! you are afraid. But may I die if you frighten me.",σεμνός,κἀγκεχόδασίν ,"verb: κἀγκεχόδασίν (to poop? PDL says it means ""incacare"" but I do not know this word and can't find a definition for it). PDL suggests σεμνοί as σεμνόω (make solemn) as the most likely option, or σεμνός (revered, holy). I'm choosing the second option because I don't see how a verb fits in this sentence, but if it were a verb, I still think it would hold sentiment."
636-641,61,"ὡς δʼ ἐπὶ πάντʼ ἐλήλυθεν κοὐδὲν παρῆλθεν, ὥστʼ ἔγωγʼ ηὐξανόμην ἀκούων, κἀν μακάρων δικάζειν αὐτὸς ἔδοξα νήσοις, ἡδόμενος λέγοντι.",Positive,2,"He has said everything without omission. I felt myself grow taller while I listened to him. Methought myself meting out justice in the Islands of the Blest, so much was I taken with the charm of his words.",μάκαρ,,"μάκαρ (blessed) is referring to the Isle of the Blest, but still has a positive sentiment as its own word."
644-647,62,δεῖ δέ σε παντοίας πλέκειν εἰς ἀπόφυξιν παλάμας. τὴν γὰρ ἐμὴν ὀργὴν πεπᾶναι χαλεπὸν  μὴ πρὸς ἐμοῦ λέγοντι.,Neutral,0,"Come, plot everything you can to beat him; 'tis not easy to soften me if you do not talk on my side.",,,
648-649,63,"πρὸς ταῦτα μύλην ἀγαθὴν ὥρα ζητεῖν σοι καὶ νεόκοπτον, ἢν μή τι λέγῃς, ἥτις δυνατὴ τὸν ἐμὸν θυμὸν κατερεῖξαι.",Negative,1,"If you have nothing but nonsense to spout, it's time to buy a good millstone, freshly cut withal, to crush my anger.",,,
650-652,64,χαλεπὸν μὲν καὶ δεινῆς γνώμης καὶ μείζονος ἢ ʼπὶ τρυγῳδοῖς ἰάσασθαι νόσον ἀρχαίαν ἐν τῇ πόλει ἐντετοκυῖαν. ἀτὰρ ὦ πάτερ ἡμέτερε Κρονίδη —,Negative,1,"The cure of a disease, so inveterate and so widespread in Athens, is a difficult task and of too great importance for the scope of comedy. Nevertheless, my old father-- ","χαλεπός, δεινός, νόσος",Κρονίδης,"This translation does not include Bdelycleon calling his father the ""son of Kronus,"" which is important becaue it is an attempt to appeal emotionally to a man who believes himself to be on the level of Zeus."
653-654,65,"παῦσαι καὶ μὴ πατέριζε. εἰ μὴ γὰρ ὅπως δουλεύω ʼγώ, τουτὶ ταχέως με διδάξεις, οὐκ ἔστιν ὅπως οὐχὶ τεθνήξεις, κἂν χρῇ σπλάγχνων μʼ ἀπέχεσθαι.",Negative,2,"Cease to call me by that name, for, if you do not prove me a slave and that quickly too, you must die by my hand, even if I must be deprived of my share in the sacred feasts.",,,
680-681,66,μὰ Δίʼ ἀλλὰ παρʼ Εὐχαρίδου καὐτὸς τρεῖς γʼ ἄγλιθας μετέπεμψα. ἀλλʼ αὐτήν μοι τὴν δουλείαν οὐκ ἀποφαίνων ἀποκναίεις.,Neutral,1,"No, undoubtedly not; I have had to send and buy some from Eucharides. But you told me I was a slave. Prove it then, for I am dying with impatience.",,,
696-697,67,"ταυτί με ποιοῦσʼ; οἴμοι τί λέγεις; ὥς μου τὸν θῖνα ταράττεις, καὶ τὸν νοῦν μου προσάγεις μᾶλλον, κοὐκ οἶδʼ ὅ τι χρῆμά με ποιεῖς.",Mixed,1,Can it be I am treated thus? Oh! what is it you are saying? You stir me to the bottom of my heart! I am all ears! I cannot express what I feel.,,,
713-714,68,"οἴμοι τί πέπονθʼ; ὡς νάρκη μου κατὰ τῆς χειρὸς καταχεῖται, καὶ τὸ ξίφος οὐ δύναμαι κατέχειν, ἀλλʼ ἤδη μαλθακός εἰμι.",Negative,1,Alas! my hand is benumbed; I can no longer draw my sword. What has become of my strength?,νάρκη,,
715-718,69,"ἀλλʼ ὁπόταν μὲν δείσωσʼ αὐτοί, τὴν Εὔβοιαν διδόασιν ὑμῖν καὶ σῖτον ὑφίστανται κατὰ πεντήκοντα μεδίμνους ποριεῖν· ἔδοσαν δʼ οὐπώποτέ σοι πλὴν πρώην πέντε μεδίμνους, καὶ ταῦτα μόλις ξενίας φεύγων ἔλαβες κατὰ χοίνικα κριθῶν.",Negative,2,"When they are afraid, they promise to divide Euboes among you and to give each fifty bushels of wheat, but what have they given you? Nothing excepting, quite recently, five bushels of barley, and even these you have only obtained with great difficulty, on proving you were not aliens, and then choenix by choenix.",,,
719-724,70,"ὧν οὕνεκʼ ἐγώ σʼ ἀπέκλῃον ἀεὶ βόσκειν ἐθέλων καὶ μὴ τούτους ἐγχάσκειν σοι στομφάζοντας. καὶ νῦν ἀτεχνῶς ἐθέλω παρέχειν ὅ τι βούλει σοι, πλὴν κωλακρέτου γάλα πίνειν.",Neutral,0,"That is why I always kept you shut in; I wanted you to be fed by me and no longer at the beck of these blustering braggarts. Even now I am ready to let you have all you want, provided you no longer let yourself be suckled by the payclerk.",,,
725-728,71,"ἦ που σοφὸς ἦν ὅστις ἔφασκεν, πρὶν ἂν ἀμφοῖν μῦθον ἀκούσῃς, οὐκ ἂν δικάσαις. σὺ γὰρ οὖν νῦν μοι νικᾶν πολλῷ δεδόκησαι· ὥστʼ ἤδη τὴν ὀργὴν χαλάσας τοὺς σκίπωνας καταβάλλω. ἀλλʼ ὦ τῆς ἡλικίας ἡμῖν τῆς αὐτῆς συνθιασῶτα,",Neutral,0,"He was right who said, ""Decide nothing till you have heard both sides,"" for now it seems to me that you are the one who gains the complete victory. My wrath is appeased and I throw away my sticks. But, you, our comrade and contemporary . . .",,,
729-736,72,"πιθοῦ πιθοῦ λόγοισι, μηδʼ ἄφρων γένῃ μηδʼ ἀτενὴς ἄγαν ἀτεράμων τʼ ἀνήρ. εἴθʼ ὤφελέν μοι κηδεμὼν ἢ ξυγγενὴς εἶναί τις ὅστις τοιαῦτʼ ἐνουθέτει. σοὶ δὲ νῦν τις θεῶν παρὼν ἐμφανὴς ξυλλαμβάνει τοῦ πράγματος, καὶ δῆλός ἐστιν εὖ ποιῶν· σὺ δὲ παρὼν δέχου.",Positive,1,". . . let yourself be won over by his words; come, be not too obstinate or too perverse. Would that I had a relative or kinsman to correct me thus! Clearly some god is at hand and is now protecting you and loading you with benefits. Accept them.",,,
737-742,73,"καὶ μὴν θρέψω γʼ αὐτὸν παρέχων ὅσα πρεσβύτῃ ξύμφορα, χόνδρον λείχειν, χλαῖναν μαλακήν, σισύραν, πόρνην, ἥτις τὸ πέος τρίψει καὶ τὴν ὀσφῦν. ἀλλʼ ὅτι σιγᾷ κοὐδὲν γρύζει, τοῦτʼ οὐ δύναταί με προσέσθαι.",Mixed,1,"I will feed him, I will give him everything that is suitable for an old man; oatmeal gruel, a cloak, soft furs, and a wench to rub his tool and his loins. But he keeps silent and will not utter a sound; that's a bad sign.",,"πέος, ὀσφύς",
743-747,74,"νενουθέτηκεν αὑτὸν ἐς τὰ πράγμαθʼ, οἶς τότʼ ἐπεμαίνετʼ· ἔγνωκε γὰρ ἀρτίως, λογίζεταί τʼ ἐκεῖνα πάνθʼ ἁμαρτίας ἃ σοῦ κελεύοντος οὐκ ἐπείθετο. νῦν δʼ ἴσως τοῖσι σοῖς λόγοις πείθεται καὶ σωφρονεῖ μέντοι μεθιστὰς ἐς τὸ λοιπὸν τὸν τρόπον πιθόμενός τέ σοι.",Positive,0,"He has thought the thing over and has recognized his folly; he is reproaching himself for not having followed your advice always. But there he is, converted by your words, and wiser now, so that he will no doubt alter his ways in the future and always believe in none but you.","ἄρτιος, σωφρονέω",,Verb: σωφρονέω (to be of sound mind)
750-759,75,"μή μοι τούτων μηδὲν ὑπισχνοῦ. κείνων ἔραμαι, κεῖθι γενοίμαν, ἵνʼ ὁ κῆρύξ φησι, ʼτίς ἀψήφιστος; ἀνιστάσθω.ʼ κἀπισταίην ἐπὶ τοῖς κημοῖς ψηφιζομένων ὁ τελευταῖος. σπεῦδʼ ὦ ψυχή. ποῦ μοι ψυχή; πάρες ὦ σκιερά. μὰ τὸν Ἡρακλέα μή νυν ἔτʼ ἐγὼ ʼν τοῖσι δικασταῖς κλέπτοντα Κλέωνα λάβοιμι.",Positive,1,"A truce to your promises! What I love is down there, down there I want to be, there, where the herald cries, ""Who has not yet voted? Let him rise!"" I want to be the last of all to leave the urn. Oh, my soul, my soul! where art thou? come! oh! dark shadows, make way for me! By Heracles, may I reach the court in time to convict Cleon of theft.",ἐράω,,Verb: ἐράω (to love)
764-766,76,"σὺ δʼ οὖν, ἐπειδὴ τοῦτο κεχάρηκας ποιῶν, ἐκεῖσε μὲν μηκέτι βάδιζʼ, ἀλλʼ ἐνθάδε αὐτοῦ μένων δίκαζε τοῖσιν οἰκέταις.",Neutral,0,"Very well then, since you find so much pleasure in it, go down there no more, but stay here and deal out justice to your slaves.",,,
777-778,77,"πρὸς δὲ τούτοις γʼ, ἢν δίκην λέγῃ μακράν τις, οὐχὶ πεινῶν ἀναμενεῖς δάκνων σεαυτὸν καὶ τὸν ἀπολογούμενον.",Negative,1,"Moreover, if a pleader is long-winded, you will not be hungering and chafing and seeking vengeance on the accused.",πεινάω,,Verb: πεινάω (to hunger)
781-783,78,"πολλῷ γʼ ἄμεινον· καὶ λέγεται γὰρ τουτογί, ὡς οἱ δικασταὶ ψευδομένων τῶν μαρτύρων μόλις τὸ πρᾶγμʼ ἔγνωσαν ἀναμασώμενοι.",Neutral,1,"Much better. Is it not said, that the dicasts, when deceived by lying witnesses, have need to ruminate well in order to arrive at the truth?",,ἀναμασάομαι,"Participle: ἀναμασάομαι (chew, ruminate)"
787-792,79,"καλῶς, ὁτιὴ κατʼ ἐμαυτὸν κοὐ μεθʼ ἑτέρου λήψομαι. αἴσχιστα γάρ τοί μʼ ἠργάσατο Λυσίστρατος ὁ σκωπτόλης. δραχμὴν μετʼ ἐμοῦ πρώην λαβὼν ἐλθὼν διεκερματίζετʼ ἐν τοῖς ἰχθύσιν, κἄπειτʼ ἐνέθηκε τρεῖς λοπίδας μοι κεστρέων· κἀγὼ ʼνέκαψʼ· ὀβολοὺς γὰρ ᾠόμην λαβεῖν· κᾆτα βδελυχθεὶς ὀσφρόμενος ἐξέπτυσα· κᾆθʼ εἷλκον αὐτόν.",Negative,1,"So much the better; in this way I shall be paid by myself. Because that damned jester, Lysistratus, played me an infamous trick the other day. He received a drachma for the two of us and went on the fish-market to get it changed and then brought me back three mullet scales. I took them for obols and crammed them into my mouth; but the smell choked me and I quickly spat them out. So I dragged him before the court.","αἰσχρός, σκωπτόλης",,
799-804,80,"ὅρα τὸ χρῆμα, τὰ λόγιʼ ὡς περαίνεται. ἠκηκόη γὰρ ὡς Ἀθηναῖοί ποτε δικάσοιεν ἐπὶ ταῖς οἰκίαισι τὰς δίκας, κἀν τοῖς προθύροις ἐνοικοδομήσοι πᾶς ἀνὴρ αὑτῷ δικαστηρίδιον μικρὸν πάνυ, ὥσπερ Ἑκάταιον, πανταχοῦ πρὸ τῶν θυρῶν.",Neutral,1,"You see, the oracles are coming true; I have heard it foretold, that one day the Athenians would dispense justice in their own houses, that each citizen would have himself a little tribunal constructed in his porch similar to the altars of Hecate, and that there would be such before every door.",,,
805-808,81,"ἰδού, τί ἔτʼ ἐρεῖς; ὡς ἅπαντʼ ἐγὼ φέρω ὅσαπερ ἔφασκον, κἄτι πολλῷ πλείονα. ἀμὶς μέν, ἢν οὐρητιάσῃς, αὑτηὶ παρά σοι κρεμήσετʼ ἐγγὺς ἐπὶ τοῦ παττάλου.",Neutral,1,"There, what do you think of that? I have brought you everything needful and much more into the bargain. See, here is a thunder-mug in case you have to pee; I shall hang it up beside you.",,,
813-815,82,"τοῦτʼ αὖ δεξιόν· κἂν γὰρ πυρέττω, τόν γε μισθὸν λήψομαι. αὐτοῦ μένων γὰρ τὴν φακῆν ῥοφήσομαι. ἀτὰρ τί τὸν ὄρνιν ὡς ἔμʼ ἐξηνέγκατε;",Neutral,0,"That's admirably arranged. In this way, even when feverish, I shall nevertheless receive my pay; and besides, I could eat my lentils without quitting my seat. But why this cock?",,,
826-828,83,φέρε νυν τίνʼ αὐτῷ πρῶτον εἰσαγάγω δίκην; τί τίς κακὸν δέδρακε τῶν ἐν τᾠκίᾳ; ἡ Θρᾷττα προσκαύσασα πρώην τὴν χύτραν —,Neutral,1,"Let us see. What case shall we bring up first? Is there a slave who has done something wrong? Ah! you Thracian there, you burnt the stew-pot the other day.",,,**maybe negative?
829-831,84,"ἐπίσχες οὗτος· ὡς ὀλίγου μʼ ἀπώλεσας. ἄνευ δρυφάκτου τὴν δίκην μέλλεις καλεῖν, ὃ πρῶτον ἡμῖν τῶν ἱερῶν ἐφαίνετο;",Neutral,1,"Wait, wait! This is a fine state of affairs! You almost made me judge without a bar, and that is the most sacred thing of all for us.",,,
836-838,85,οὐ γὰρ ὁ Λάβης ἀρτίως ὁ κύων παρᾴξας ἐς τὸν ἰπνὸν ὑφαρπάσας τροφαλίδα τυροῦ Σικελικὴν κατεδήδοκεν;,Negative,1,"Oh, it's Labes, who has just rushed into the kitchen and seized a whole Sicilian cheese and gobbled it up.",,Λάβης (λαβή),"The dog's name means ""Grabber."" Also references a politician."
860-862,86,"ἀλλʼ ὡς τάχιστα πῦρ τις ἐξενεγκάτω καὶ μυρρίνας καὶ τὸν λιβανωτὸν ἔνδοθεν, ὅπως ἂν εὐξώμεσθα πρῶτα τοῖς θεοῖς.",Neutral,0,"Let fire be brought quickly from the house with myrtle boughs and incense, and let us invoke the gods before opening the sitting.",,,
863-867,87,"καὶ μὴν ἡμεῖς ἐπὶ ταῖς σπονδαῖς καὶ ταῖς εὐχαῖς φήμην ἀγαθὴν λέξομεν ὑμῖν, ὅτι γενναίως ἐκ τοῦ πολέμου καὶ τοῦ νείκους ξυνεβήτην.",Positive,0,Offer them libations and your vows and we will thank them that a noble agreement has put an end to your bickerings and strife.,"σπονδαῖς, ἀγαθός",,
869-874,88,"ὦ Φοῖβʼ Ἄπολλον Πύθιʼ ἐπʼ ἀγαθῇ τύχῃ τὸ πρᾶγμʼ ὃ μηχανᾶται ἔμπροσθεν οὗτος τῶν θυρῶν, ἅπασιν ἡμῖν ἁρμόσαι παυσαμένοις πλάνων. ἰήιε Παιάν.",Positive,1,"Oh! god of Delphi! oh! Phoebus Apollo! convert into the greatest blessing for us all what is now happening before this house, and cure us of our error, oh, Paean, our helper!",ἀγαθός,,
885-890,89,ξυνευχόμεσθα  νέαισιν ἀρχαῖς ἕνεκα τῶν προλελεγμένων. εὖνοι γάρ ἐσμεν ἐξ οὗ τὸν δῆμον ᾐσθόμεσθά σου φιλοῦντος ὡς οὐδεὶς ἀνὴρ τῶν γε νεωτέρων.,Positive,1,We unite our vows and chants to those of this new magistrate. His words have won our favour and we are convinced that he loves the people more than any of the young men of the present day.,,,
894-897,90,ἀκούετʼ ἤδη τῆς γραφῆς. ἐγράψατο κύων Κυδαθηναιεὺς Λάβητʼ Αἰξωνέα τὸν τυρὸν ἀδικεῖν ὅτι μόνος κατήσθιεν τὸν Σικελικόν. τίμημα κλῳὸς σύκινος.,Neutral,1,"Listen to the indictment. A dog of Cydathenaea doth hereby charge Labes of Aexonia with having devoured a Sicilian cheese by himself without accomplices. Penalty demanded, a collar of fig-tree wood.",,,
907-911,91,τῆς μὲν γραφῆς ἠκούσαθʼ ἣν ἐγραψάμην ἄνδρες δικασταὶ τουτονί. δεινότατα γὰρ ἔργων δέδρακε κἀμὲ καὶ τὸ ῥυππαπαῖ. ἀποδρὰς γὰρ ἐς τὴν γωνίαν τυρὸν πολὺν κατεσικέλιζε κἀνέπλητʼ ἐν τῷ σκότῳ —,Negative,1,"Gentlemen of the jury, listen to this indictment I have drawn up. He has committed the blackest of crimes, against both me and the seamen. He sought refuge in a dark corner to glutton on a big Sicilian cheese, with which he sated his hunger.",δεινός,,
914-916,92,"κοὐ μετέδωκʼ αἰτοῦντί μοι. καίτοι τίς ὑμᾶς εὖ ποιεῖν δυνήσεται, ἢν μή τι κἀμοί τις προβάλλῃ τῷ κυνί;",Negative,1,"And he refused to share with me. And yet can anyone style himself your benefactor, when he does not cast a morsel to your poor dog?",,,
922-925,93,"μή νυν ἀφῆτέ γʼ αὐτόν, ὡς ὄντʼ αὖ πολὺ κυνῶν ἁπάντων ἄνδρα μονοφαγίστατον, ὅστις περιπλεύσας τὴν θυείαν ἐν κύκλῳ ἐκ τῶν πόλεων τὸ σκῖρον ἐξεδήδοκεν.",Negative,2,"Then beware of acquitting the most selfish of canine gluttons, who has devoured the whole cheese, rind and all, prowling round the platter.",,,
927-930,94,"πρὸς ταῦτα τοῦτον κολάσατʼ· οὐ γὰρ ἄν ποτε τρέφειν δύναιτʼ ἂν μία λόχμη κλέπτα δύο· ἵνα μὴ κεκλάγγω διὰ κενῆς ἄλλως ἐγώ· ἐὰν δὲ μή, τὸ λοιπὸν οὐ κεκλάγξομαι.",Negative,1,"Besides, you must punish him, because the same house cannot keep two thieves. Let me not have barked in vain, else I shall never bark again.",κολάζω,,"Verb: κολάζω (to chastise, punish)"
931-935,95,ἰοὺ ἰού. ὅσας κατηγόρησε τὰς πανουργίας. κλέπτον τὸ χρῆμα τἀνδρός· οὐ καὶ σοὶ δοκεῖ ὦλεκτρυόν; νὴ τὸν Δίʼ ἐπιμύει γέ τοι. ὁ θεσμοθέτης· ποῦ ʼσθʼ οὗτος; ἀμίδα μοι δότω.,Negative,2,"Oh! the black deeds he has just denounced! What a shameless thief! Say, cock, is not that your opinion too? Ha, ha! He thinks as I do. Here, Thesmothetes! where are you? Hand me the thunder-mug.",πανουργία,,
936-940,96,"αὐτὸς καθελοῦ· τοὺς μάρτυρας γὰρ ἐσκαλῶ. Λάβητι μάρτυρας παρεῖναι τρύβλιον δοίδυκα τυρόκνηστιν ἐσχάραν χύτραν, καὶ τἄλλα, τὰ σκεύη τὰ προσκεκαυμένα. ἀλλʼ ἔτι σύ γʼ οὐρεῖς καὶ καθίζεις οὐδέπω;",Negative,1,"Get it yourself. I go to call the witnesses; these are a plate, a pestle, a cheese knife, a brazier, a stew-pot and other half-burnt utensils. But you have not finished? you are piddling away still! Have done and be seated.",,,
942-944,97,"οὐκ αὖ σὺ παύσει χαλεπὸς ὢν καὶ δύσκολος, καὶ ταῦτα τοῖς φεύγουσιν, ἀλλʼ ὀδὰξ ἔχει; ἀνάβαινʼ, ἀπολογοῦ. τί σεσιώπηκας; λέγε.",Negative,0,"Will you never cease showing yourself hard and intractable, and especially to the accused? You tear them to pieces tooth and nail. Come forward and defend yourself. What means this silence? Answer.",χαλεπός,,
946-952,98,"οὔκ, ἀλλʼ ἐκεῖνό μοι δοκεῖ πεπονθέναι, ὅπερ ποτὲ φεύγων ἔπαθε καὶ Θουκυδίδης· ἀπόπληκτος ἐξαίφνης ἐγένετο τὰς γνάθους. πάρεχʼ ἐκποδών. ἐγὼ γὰρ ἀπολογήσομαι. χαλεπὸν μὲν ὦνδρες ἐστὶ διαβεβλημένου ὑπεραποκρίνεσθαι κυνός, λέξω δʼ ὅμως. ἀγαθὸς γάρ ἐστι καὶ διώκει τοὺς λύκους.",Neutral,1,"Not at all, I think he has got what happened once to Thucydides in court; his jaws suddenly set fast. Get away! I will undertake your defence. — Gentlemen of the jury, it is a difficult thing to speak for a dog who has been calumniated, but nevertheless I will try. He is a good dog, and he chases wolves finely.",,,
957-959,99,"ὅ τι; σοῦ προμάχεται καὶ φυλάττει τὴν θύραν καὶ τἄλλʼ ἄριστός ἐστιν· εἰ δʼ ὑφείλετο, ξύγγνωθι. κιθαρίζειν γὰρ οὐκ ἐπίσταται.",Positive,1,"What? he fights for you, he guards your door; he is an excellent dog in every respect. Forgive him his larceny! he is wretchedly ignorant, he cannot play the lyre.",,,
962-965,100,"ἄκουσον ὦ δαιμόνιέ μου τῶν μαρτύρων. ἀνάβηθι τυρόκνηστι καὶ λέξον μέγα· σὺ γὰρ ταμιεύουσʼ ἔτυχες. ἀπόκριναι σαφῶς, εἰ μὴ κατέκνησας τοῖς στρατιώταις ἅλαβες. φησὶ κατακνῆσαι.",Neutral,1,"Witnesses, I pray you, listen. Come forward, grating-knife, and speak up; answer me clearly. You were paymaster at the time. Did you grate out to the soldiers what was given you? —He says he did so.",,,
967-972,101,"ὦ δαιμόνιʼ ἐλέει ταλαιπωρουμένους. οὗτος γὰρ ὁ Λάβης καὶ τραχήλιʼ ἐσθίει καὶ τὰς ἀκάνθας, κοὐδέποτʼ ἐν ταὐτῷ μένει. ὁ δʼ ἕτερος οἷός ἐστιν οἰκουρὸς μόνον. αὐτοῦ μένων γὰρ ἅττʼ ἂν εἴσω τις φέρῃ τούτων μεταιτεῖ τὸ μέρος· εἰ δὲ μή, δάκνει.",Negative,0,"Oh! have patience. Take pity on the unfortunate. Labes feeds only on fish-bones and fishes' heads and has not an instant of peace. The other is good only to guard the house; he never moves from here, but demands his share of all that is brought in and bites those who refuse.",,,"ταλαιπωρουμένους (participle; ""endure hardship"") is used negatively here. however, not included in sentiment lexicon because I believe it could be used to speak positively if used in reference to a character being hard-working. I may be wrong here, let me know."
975-978,102,"ἴθʼ ἀντιβολῶ σʼ· οἰκτίρατʼ αὐτὸν ὦ πάτερ, καὶ μὴ διαφθείρητε. ποῦ τὰ παιδία; ἀναβαίνετʼ ὦ πόνηρα καὶ κνυζούμενα αἰτεῖτε κἀντιβολεῖτε καὶ δακρύετε.",Negative,1,"Have pity, father, pity, I adjure you; you would not have him dead. Where are his puppies? Come, poor little beasties, yap, up on your haunches, beg and whine!","πονηρός, δακρύω",,"Verb: δακρύω (weep, shed tears)"
982-984,103,ἐς κόρακας. ὡς οὐκ ἀγαθόν ἐστι τὸ ῥοφεῖν. ἐγὼ γὰρ ἀπεδάκρυσα νῦν γνώμην ἐμὴν οὐδέν ποτʼ ἀλλʼ ἢ τῆς φακῆς ἐμπλήμενος.,Negative,1,"Plague seize it! Have I then done wrong to eat! What! I, crying! Ah! I certainly should not be weeping, if I were not stuffed with lentils.",ἀποδακρύω,,"Verb: ἀποδακρύω (weep much for, lament loudly)"
987-988,104,ἴθʼ ὦ πατρίδιον ἐπὶ τὰ βελτίω τρέπου. τηνδὶ λαβὼν τὴν ψῆφον ἐπὶ τὸν ὕστερον μύσας παρᾷξον κἀπόλυσον ὦ πάτερ.,Neutral,1,"Ah! my dear father, be good! be humane! Take this voting pebble and rush with your eyes closed to that second urn and, father, acquit him.",,,
999-1002,105,"πῶς οὖν ἐμαυτῷ τοῦτʼ ἐγὼ ξυνείσομαι, φεύγοντʼ ἀπολύσας ἄνδρα; τί ποτε πείσομαι; ἀλλʼ ὦ πολυτίμητοι θεοὶ ξύγγνωτέ μοι· ἄκων γὰρ αὔτʼ ἔδρασα κοὐ τοὐμοῦ τρόπου.",Negative,1,And so I have charged my conscience with the acquittal of an accused being! What will become of me? Sacred gods! forgive me. I did it despite myself; it is not in my character.,,,
1003-1007,106,"καὶ μηδὲν ἀγανάκτει γʼ. ἐγὼ γάρ σʼ ὦ πάτερ θρέψω καλῶς, ἄγων μετʼ ἐμαυτοῦ πανταχοῖ, ἐπὶ δεῖπνον, ἐς ξυμπόσιον, ἐπὶ θεωρίαν, ὥσθʼ ἡδέως διάγειν σε τὸν λοιπὸν χρόνον· κοὐκ ἐγχανεῖταί σʼ ἐξαπατῶν Ὑπέρβολος. ἀλλʼ εἰσίωμεν.",Positive,1,"Do not vex yourself, father; I will feed you well, will take you everywhere to eat and drink with me; you shall go to every feast; henceforth your life shall be nothing but pleasure, and Hyperbolus shall no longer have you for a tool. But come, let us go in.","καλός, ἡδύς",,
1009-1014,107,"ἀλλʼ ἴτε χαίροντες ὅποι βούλεσθʼ. ὑμεῖς δὲ τέως ὦ μυριάδες ἀναρίθμητοι, νῦν τὰ μέλλοντʼ εὖ λέγεσθαι μὴ πέσῃ φαύλως χαμᾶζʼ εὐλαβεῖσθε. τοῦτο γὰρ σκαιῶν θεατῶν ἐστὶ πάσχειν, κοὐ πρὸς ὑμῶν.",Neutral,0,"Go where it pleases you and may your happiness be great. You meanwhile, oh! countless myriads, listen to the sound counsels I am going to give you and take care they are not lost upon you. That would be the fate of vulgar spectators, not that of such an audience.",,,
1051-1059,108,"ἀλλὰ τὸ λοιπὸν τῶν ποιητῶν ὦ δαιμόνιοι τοὺς ζητοῦντας καινόν τι λέγειν κἀξευρίσκειν στέργετε μᾶλλον καὶ θεραπεύετε, καὶ τὰ νοήματα σῴζεσθʼ αὐτῶν, ἐσβάλλετέ τʼ ἐς τὰς κιβωτοὺς μετὰ τῶν μήλων. κἂν ταῦτα ποιῆθʼ, ὑμῖν διʼ ἔτους τῶν ἱματίων ὀζήσει δεξιότητος.",Positive,1,"But in future, my dear fellow-citizens, love and honour more those of your poets who seek to imagine and express some new thought. Make their ideas your own, keep them in your caskets like sweet-scented fruit. If you do, your clothing will emit an odour of wisdom the whole year through.",,,
1122-1124,109,"οὔτοι ποτὲ ζῶν τοῦτον ἀποδυθήσομαι, ἐπεὶ μόνος μʼ ἔσωσε παρατεταγμένον, ὅθʼ ὁ βορέας ὁ μέγας ἐπεστρατεύσατο.",Neutral,0,"As long as I live, I will never give up this cloak; it's the one I wore in that battle when Boreas delivered us from such fierce attacks.",,,
1126-1128,110,μὰ τὸν Δίʼ οὐ γὰρ οὐδαμῶς μοι ξύμφορον. καὶ γὰρ πρότερον ἐπανθρακίδων ἐμπλήμενος ἀπέδωκʼ ὀφείλων τῷ κναφεῖ τριώβολον.,Negative,1,"Ah! I do not know how to use fine clothing! The other day, when cramming myself with fried fish, I dropped so many grease spots that I had to pay three obols to the cleaner.",,,
1145-1147,111,πόθεν ὦγάθʼ; ἀλλὰ τοῦτο τοῖσι βαρβάροις ὑφαίνεται πολλαῖς δαπάναις. αὕτη γέ τοι ἐρίων τάλαντον καταπέπωκε ῥᾳδίως.,Positive,0,Whatever are you talking about? These are woven by the barbarians at great cost. I am certain this pelisse has consumed more than a talent of wool.,,,
1177-1178,112,"πολλοὺς πάνυ. πρῶτον μὲν ὡς ἡ Λάμιʼ ἁλοῦσʼ ἐπέρδετο, ἔπειτα δʼ ὡς ὁ Καρδοπίων τὴν μητέρα.",Neutral,1,"Oh, lots of things. First of all I shall say, that Lamia, seeing herself caught, let flee a fart; then, that Cardopion and his mother",,,line is interrupted
1183-1185,113,"ὦ σκαιὲ κἀπαίδευτε, Θεογένης ἔφη τῷ κοπρολόγῳ καὶ ταῦτα λοιδορούμενος, μῦς καὶ γαλᾶς μέλλεις λέγειν ἐν ἀνδράσιν;",Negative,1,"""Oh, you ignorant fool,"" as Theagenes said to the dung-gatherer in a rage. Are you going to talk of cats and rats among high-class people?","σκαιός, ἀπαίδευτος","Θεογένης, κοπρολόγος",
1190-1194,114,"ἀλλʼ οὖν λέγειν χρή σʼ ὡς ἐμάχετό γʼ αὐτίκα Ἐφουδίων παγκράτιον Ἀσκώνδᾳ καλῶς, ἤδη γέρων ὢν καὶ πολιός, ἔχων δέ τοι πλευρὰν βαθυτάτην καὶ χέρας καὶ λαγόνα καὶ θώρακʼ ἄριστον.",Neutral,0,"At least say, that you have just seen Ephudion doing well in the pancratium with Ascondas and, that despite his age and his white hair, he is still robust in loin and arm and flank and that his chest is a very breastplate.",,,
1196-1199,115,οὕτω διηγεῖσθαι νομίζουσʼ οἱ σοφοί. ἀλλʼ ἕτερον εἰπέ μοι· παρʼ ἀνδράσι ξένοις πίνων σεαυτοῦ ποῖον ἂν λέξαι δοκεῖς ἐπὶ νεότητος ἔργον ἀνδρικώτατον;,Neutral,0,"That is how well-behaved folk like to talk. But another thing. When at wine, it would be fitting to relate some good story of your youthful days. What is your most brilliant feat?",,,
1202-1204,116,"ἀπολεῖς με. ποίας χάρακας; ἀλλʼ ὡς ἢ κάπρον ἐδιώκαθές ποτʼ ἢ λαγών, ἢ λαμπάδα ἔδραμες, ἀνευρὼν ὅ τι νεανικώτατον.",Neutral,1,You and your vine-props! you'll be the death of me! Tell of one of your boar-hunts or of when you coursed the hare. Talk about some torch-race you were in; tell of some deed of daring.,,,
1205-1207,117,ἐγᾦδα τοίνυν τό γε νεανικώτατον· ὅτε τὸν δρομέα Φάυλλον ὢν βούπαις ἔτι εἶλον διώκων λοιδορίας ψήφοιν δυοῖν.,Positive,1,"Ah! my most daring deed was when, quite a young man still, I prosecuted Phayllus, the runner, for defamation, and he was condemned by a majority of two votes.",,,
1214-1217,118,"τὰ γόνατʼ ἔκτεινε καὶ γυμναστικῶς ὑγρὸν χύτλασον σεαυτὸν ἐν τοῖς στρώμασιν. ἔπειτʼ ἐπαίνεσόν τι τῶν χαλκωμάτων, ὀροφὴν θέασαι, κρεκάδιʼ αὐλῆς θαύμασον· ὕδωρ κατὰ χειρός· τὰς τραπέζας ἐσφέρειν· δειπνοῦμεν· ἀπονενίμμεθʼ· ἤδη σπένδομεν.",Neutral,0,"Spread your knees on the tapestries and give your body the most easy curves, like those taught in the gymnasium. Then praise some bronze vase, survey the ceiling, admire the awning stretched over the court. Water is poured over our hands; the tables are spread; we sup and, after ablution, we now offer libations to the gods.",,,
1219-1222,119,"αὑλητρὶς ἐνεφύσησεν· οἱ δὲ συμπόται εἰσὶν Θέωρος Αἰσχίνης Φᾶνος Κλέων, ξένος τις ἕτερος πρὸς κεφαλῆς Ἀκέστορος. τούτοις ξυνὼν τὰ σκόλιʼ ὅπως δέξει καλῶς.",Neutral,1,"The flute-player has finished the prelude. The guests are Theorus, Aeschines, Phanus, Cleon, Acestor; and beside this last, I don't know who else. You are with them and will show how to take up the songs that are started.",,,
1228-1230,120,τουτὶ σὺ δράσεις; παραπολεῖ βοώμενος· φήσει γὰρ ἐξολεῖν σε καὶ διαφθερεῖν καὶ τῆσδε τῆς γῆς ἐξελᾶν.,Negative,1,"Why, you wretched man, it will be the end of you if you sing that. He will vow your ruin, your destruction, to chase you out of the country.",,,
1249-1252,121,"τουτὶ μὲν ἐπιεικῶς σύ γʼ ἐξεπίστασαι· ὅπως δʼ ἐπὶ δεῖπνον ἐς Φιλοκτήμονος ἴμεν. παῖ παῖ, τὸ δεῖπνον Χρυσὲ συσκεύαζε νῷν, ἵνα καὶ μεθυσθῶμεν διὰ χρόνου.",Neutral,0,"At this game you seem at home. But come, we will go and dine with Philoctemon. —Slave! slave! place our dinner in a basket; we are going out for a good long drinking bout.",,,
1253-1255,122,"μηδαμῶς. κακὸν τὸ πίνειν· ἀπὸ γὰρ οἴνου γίγνεται καὶ θυροκοπῆσαι καὶ πατάξαι καὶ βαλεῖν, κἄπειτʼ ἀποτίνειν ἀργύριον ἐκ κραιπάλης.",Negative,1,"By no means, it is too dangerous; for after drinking, one breaks in doors, one comes to blows, one batters everything. Anon, when the wine is slept off, one is forced to pay.",κακός,,
1256-1261,123,"οὔκ, ἢν ξυνῇς γʼ ἀνδράσι καλοῖς τε κἀγαθοῖς. ἢ γὰρ παρῃτήσαντο τὸν πεπονθότα, ἢ λόγον ἔλεξας αὐτὸς ἀστεῖόν τινα, Αἰσωπικὸν γέλοιον ἢ Συβαριτικόν, ὧν ἔμαθες ἐν τῷ συμποσίῳ· κᾆτʼ ἐς γέλων τὸ πρᾶγμʼ ἔτρεψας, ὥστʼ ἀφείς σʼ ἀποιχεται.",Positive,1,"Not if you are with decent people. Either they undertake to appease the offended person or, better still, you say something witty, you tell some comic story, perhaps one of those you have yourself heard at table, either in Aesop's style or in that of Sybaris; everyone laughs and the trouble is ended.","ἀγαθόω, γέλοιος, γέλως",,verb: ἀγαθόω (do good to)
1292-1296,124,"ἰὼ χελῶναι μακάριαι τοῦ δέρματος, καὶ τρὶς μακάριαι τοῦ ʼπὶ ταῖς πλευραῖς τέγους. ὡς εὖ κατηρέψασθε καὶ νουβυστικῶς κεράμῳ τὸ νῶτον ὥστε τὰς πληγὰς στέγειν. ἐγὼ δʼ ἀπόλωλα στιζόμενος βακτηρίᾳ.",Negative,1,"Oh! tortoises! happy to have so hard a skin! Oh! creatures full of sense! what a happy thought to cover your bodies with this shell, which shields it from blows! As for me, I can no longer move; the stick has so belaboured my body.",,,
1297-1298,125,"τί δʼ ἔστιν ὦ παῖ; παῖδα γάρ, κἂν ᾖ γέρων, καλεῖν δίκαιον ὅστις ἂν πληγὰς λάβῃ.",Negative,1,"Why, what's the matter, my child? for, old as he may be, one has the right to call anyone a child who has let himself be beaten.",,,
1326-1331,126,"ἄνεχε πάρεχε· κλαύσεταί τις τῶν ὄπισθεν ἐπακολουθούντων ἐμοί· οἷον, εἰ μὴ ʼρρήσεθʼ, ὑμᾶς ὦ πόνηροι ταυτῃὶ τῇ δᾳδὶ φρυκτοὺς σκευάσω.",Negative,1,"Halt! and let everyone begone, or I shall do an evil turn to some of those who insist on following me. Clear off, rascals, or I shall roast you with this torch!","κλαίω, πονηρός",,verb: κλαίω (cry)
1332-1334,127,"ἦ μὴν σὺ δώσεις αὔριον τούτων δίκην ἡμῖν ἅπασι, κεἰ σφόδρʼ εἶ νεανίας. ἁθρόοι γὰρ ἥξομέν σε προσκαλούμενοι.",Negative,0,We shall all make you smart to-morrow for your youthful pranks. We shall come in a body to summon you to justice,,,
1364-1366,128,"ὦ οὗτος οὗτος τυφεδανὲ καὶ χοιρόθλιψ, ποθεῖν ἐρᾶν τʼ ἔοικας ὡραίας σοροῦ. οὔτοι καταπροίξει μὰ τὸν Ἀπόλλω τοῦτο δρῶν.",Negative,2,"Oh! oh! you debauched old dotard! you are amorous, it seems, of pretty baggages; but, by Apollo, it shall not be with impunity!","τυφεδανός, χοιρόθλιψ",χοιρόθλιψ,
1382-1386,129,"ἄκουσόν νυν ἐμοῦ. Ὀλυμπίασιν, ἡνίκʼ ἐθεώρουν ἐγώ, Ἐφουδίων ἐμαχέσατʼ Ἀσκώνδᾳ καλῶς ἤδη γέρων ὤν· εἶτα τῇ πυγμῇ θενὼν ὁ πρεσβύτερος κατέβαλε τὸν νεώτερον. πρὸς ταῦτα τηροῦ μὴ λάβῃς ὑπώπια.",Negative,1,"Listen to me! One day, at Olympia, I saw Euphudion boxing bravely against Ascondas; he was already aged, and yet with a blow from his fist he knocked down his young opponent. So watch out that I don't blacken your eyes.",,,
1388-1391,130,"ἴθι μοι παράστηθʼ, ἀντιβολῶ πρὸς τῶν θεῶν. ὁδὶ γὰρ ἁνήρ ἐστιν ὅς μʼ ἀπώλεσεν τῇ δᾳδὶ παίων, κἀξέβαλεν ἐντευθενὶ ἄρτους δέκʼ ὀβολῶν κἀπιθήκην τέτταρας.",Negative,1,"Come to my help, I beg you, in the name of the gods! This cursed man, when striking out right and left with his torch, knocked over ten loaves worth an obolus apiece, and then, to cap the deal, four others.",,,
1396-1398,131,"οὔτοι μὰ τὼ θεὼ καταπροίξει Μυρτίας τῆς Ἀγκυλίωνος θυγατέρος καὶ Σωστράτης, οὕτω διαφθείρας ἐμοῦ τὰ φορτία.",Negative,1,"Not so, by the goddesses twain! It shall not be said that you have with impunity spoilt the wares of Myrtia, the daughter of Ancylion and Sostrates.",,,
1406-1408,132,"καὶ καταγελᾷς μου; προσκαλοῦμαί σʼ ὅστις εἶ πρὸς τοὺς ἀγορανόμους βλάβης τῶν φορτίων, κλητῆρʼ ἔχουσα Χαιρεφῶντα τουτονί.",Negative,1,"You make a mock of me! Very well! I don't care who you are, I shall summons you before the market inspectors for damage done to my business. Chaerephon here shall be my witness.",,,
1409-1411,133,"μὰ Δίʼ ἀλλʼ ἄκουσον, ἤν τί σοι δόξω λέγειν. Λᾶσός ποτʼ ἀντεδίδασκε καὶ Σιμωνίδης· ἔπειθʼ ὁ Λᾶσος εἶπεν,",Neutral,1,"But just listen, here's another will perhaps please you better. Lasus and Simonides were contesting against each other for the singing prize. Lasus said, ""Damned if I care.""",,,
1413-1414,134,"καὶ σὺ δή μοι Χαιρεφῶν γυναικὶ † κλητεύειν ἐοικὼς † θαψίνῃ, Ἰνοῖ κρεμαμένῃ πρὸς ποδῶν Εὐριπίδου.",Negative,1,"As for you, Chaerephon, can you be witness to this woman, who looks as pale and tragic as Ino when she throws herself from her rock ... at the feet of Euripides?",θάψινος,,
1418-1420,135,"ὕβρεως; μὴ μὴ καλέσῃ πρὸς τῶν θεῶν· ἐγὼ γὰρ ὑπὲρ αὐτοῦ δίκην δίδωμί σοι ἣν ἂν σὺ τάξῃς, καὶ χάριν προσείσομαι.",Negative,0,"For outrage? Oh! in the name of the gods, do not summons him! I will be answerable for him; name the price and I will be more more grateful still.",,,
1421-1425,136,"ἐγὼ μὲν οὖν αὐτῷ διαλλαχθήσομαι ἑκών· ὁμολογῶ γὰρ πατάξαι καὶ βαλεῖν. ἀλλʼ ἐλθὲ δευρί· πότερον ἐπιτρέπεις ἐμοί, ὅ τι χρή μʼ ἀποτείσαντʼ ἀργύριον τοῦ πράγματος εἶναι φίλον τὸ λοιπόν, ἢ σύ μοι φράσεις;",Positive,0,"I ask for nothing better than to be reconciled with him; for I admit I struck him and threw stones at him. So, first come here. Will you leave it in my hands to name the indemnity I must pay, if I promise you my friendship as well, or will you fix it yourself?",,,
1427-1432,137,"ἀνὴρ Συβαρίτης ἐξέπεσεν ἐξ ἅρματος, καί πως κατεάγη τῆς κεφαλῆς μέγα σφόδρα· ἐτύγχανεν γὰρ οὐ τρίβων ὢν ἱππικῆς. κἄπειτʼ ἐπιστὰς εἶπʼ ἀνὴρ αὐτῷ φίλος· οὕτω δὲ καὶ σὺ παράτρεχʼ ἐς τὰ Πιττάλου.",Negative,1,"A man of Sybaris fell from his chariot and wounded his head most severely; he was a very poor driver. One of his friends came up to him and said, ""Every man to his trade."" Well then, go you to Pittalus to get mended.",,,
1462-1473,138,"πολλοῦ δʼ ἐπαίνου παρʼ ἐμοὶ καὶ τοῖσιν εὖ φρονοῦσιν τυχὼν ἄπεισιν διὰ τὴν φιλοπατρίαν καὶ σοφίαν ὁ παῖς ὁ Φιλοκλέωνος. οὐδενὶ γὰρ οὕτως ἀγανῷ ξυνεγενόμην, οὐδὲ τρόποις ἐπεμάνην οὐδʼ ἐξεχύθην. τί γὰρ ἐκεῖνος ἀντιλέγων οὐ κρείττων ἦν, βουλόμενος τὸν φύσαντα σεμνοτέροις κατακοσμῆσαι πράγμασιν;",Positive,0,"As for Philocleon's son, I, like all wise and judicious men, cannot sufficiently praise his filial tenderness and his tact. Never have I met a more amiable nature, and I have conceived the greatest fondness for him. How he triumphed on every point in his discussion with his father, when he wanted to bring him back to more worthy and honourable tastes!","σοφία, κρείττων, σεμνός",,*κρείττων - I can't tell if this is a verb or adj
1474-1481,139,"νὴ τὸν Διόνυσον ἄπορά γʼ ἡμῖν πράγματα δαίμων τις ἐσκεκύκληκεν ἐς τὴν οἰκίαν. ὁ γὰρ γέρων ὡς ἔπιε διὰ πολλοῦ χρόνου ἤκουσέ τʼ αὐλοῦ, περιχαρὴς τῷ πράγματι ὀρχούμενος τῆς νυκτὸς οὐδὲν παύεται τἀρχαἶ ἐκεῖνʼ οἷς Θέσπις ἠγωνίζετο· καὶ τοὺς τραγῳδούς φησιν ἀποδείξειν κρόνους τοὺς νῦν διορχησάμενος ὀλίγον ὕστερον.",Negative,1,"By Bacchus! Some Evil Genius has brought this unbearable disorder into our house. The old man, full up with wine and excited by the sound of the flute, is so delighted, so enraptured, that he is spending the night executing the old dances that Thespis first produced on the stage, and just now he offered to prove to the modern tragedians, by disputing with them for the dancing prize, that they are nothing but a lot of old dotards.",,,
1498-1500,140,"θέρε νυν ἀνείπω κἀνταγωνιστὰς καλῶ. εἴ τις τραγῳδός φησιν ὀρχεῖσθαι καλῶς, ἐμοὶ διορχησόμενος ἐνθάδʼ εἰσίτω. φησίν τις ἢ οὐδείς;",Neutral,0,"And now I summon and challenge my rivals. If there be a tragic poet who pretends to be a skilful dancer, let him come and contest the matter with me. Is there one? Is there not one?",,,
1512-1515,141,"ὦ Καρκίνʼ ὦ μακάριε τῆς εὐπαιδίας, ὅσον τὸ πλῆθος κατέπεσεν τῶν ὀρχίλων. ἀτὰρ καταβατέον γʼ ἐπʼ αὐτούς μʼ· ᾠζυρέ, ἅλμην κύκα τούτοισιν, ἢν ἐγὼ κρατῶ.",Positive,1,"Oh! Carcinus, how proud you should be of your brood! What a crowd of kinglets have come swooping down here! But we shall have to measure ourselves against them. Have marinade prepared for seasoning them, in case I prove the victor.","μακάριος, εὐπαιδία, κρατέω",,
1529-1537,142,"στρόβει, παράβαινε κύκλῳ καὶ γάστρισον σεαυτόν, ῥῖπτε σκέλος οὐράνιον· βέμβικες ἐγγενέσθων. καὐτὸς γὰρ ὁ ποντομέδων ἄναξ πατὴρ προσέρπει ἡσθεὶς ἐπὶ τοῖσιν ἑαυτοῦ παισὶ τοῖς τριόρχοις. ἀλλʼ ἐξάγετʼ, εἴ τι φιλεῖτʼ ὀρχούμενοι, θύραζε ἡμᾶς ταχύ· τοῦτο γὰρ οὐδείς πω πάρος δέδρακεν, ὀρχούμενον ὅστις ἀπήλλαξεν χορὸν τρυγῳδῶν.",Negative,2,"Twist, twirl, tap your bellies, kick your legs to the sky. Here comes your famous father, the ruler of the sea, delighted to see his three lecherous kinglets. Go on with your dancing, if it pleases you, but as for us, we shall not join you. Lead us promptly off the stage, for never a comedy yet was seen where the Chorus finished off with a dance.",,,