Verse,Sentence number,Segment ,Sentiment class,Fun score,Translation ,Relevant lexicon - Sentiment,Relevant lexicon - Fun,Comments
29-31,1,ἐμὲ μὲν σὺ πολλοὺς τὸν πατέρʼ ἐλαύνεις δρόμους. ἀτὰρ τί χρέος ἔβα με μετὰ τὸν Πασίαν; τρεῖς μναῖ διφρίσκου καὶ τροχοῖν Ἀμυνίᾳ.,Negative,1,"Many courses do you drive me, your father. But what debt came upon me after Pasias? Three minae to Amynias for a little chariot and pair of wheels.",χρέος,διφρίσκος,
33-35,2,"ἀλλʼ ὦ μέλʼ ἐξήλικας ἐμέ γʼ ἐκ τῶν ἐμῶν, ὅτε καὶ δίκας ὤφληκα χἄτεροι τόκου ἐνεχυράσεσθαί φασιν.",Negative,1,"O foolish youth, you have rolled me out of my possessions; since I have been cast in suits, and others say that they will have surety given them for the interest.",,,
84-86,3,"μὴ ʼμοί γε τοῦτον μηδαμῶς τὸν ἵππιον· οὗτος γὰρ ὁ θεὸς αἴτιός μοι τῶν κακῶν. ἀλλʼ εἴπερ ἐκ τῆς καρδίας μʼ ὄντως φιλεῖς, ὦ παῖ πιθοῦ.",Negative,0,"Nay, do not by any means mention this Equestrian to me, for this god is the author of my misfortunes. But, if you really love me from your heart, my son, obey me.",κακός,,
94-99,4,"ψυχῶν σοφῶν τοῦτʼ ἐστὶ φροντιστήριον. ἐνταῦθʼ ἐνοικοῦσʼ ἄνδρες, οἳ τὸν οὐρανὸν λέγοντες ἀναπείθουσιν ὡς ἔστιν πνιγεύς, κἄστιν περὶ ἡμᾶς οὗτος, ἡμεῖς δʼ ἄνθρακες. οὗτοι διδάσκουσʼ, ἀργύριον ἤν τις διδῷ, λέγοντα νικᾶν καὶ δίκαια κἄδικα.",Neutral,1,"This is a thinking-shop of wise spirits. There dwell men who in speaking of the heavens persuade people that it is an oven, and that it encompasses us, and that we are the embers. These men teach, if one give them money, to conquer in speaking, right or wrong.",,,
102-104,5,"αἰβοῖ πονηροί γʼ, οἶδα. τοὺς ἀλαζόνας τοὺς ὠχριῶντας τοὺς ἀνυποδήτους λέγεις, ὧν ὁ κακοδαίμων Σωκράτης καὶ Χαιρεφῶν.",Negative,1,"Bah! They are rogues; I know them. You mean the quacks, the pale-faced wretches, the bare-footed fellows, of whose numbers are the miserable Socrates and Chaerephon.","αἰβοῖ, πονηρός, ἀνυπόδητος, κακοδαίμων",ἀνυπόδητος,
105-107,6,"ἢ ἢ σιώπα· μηδὲν εἴπῃς νήπιον. ἀλλʼ εἴ τι κήδει τῶν πατρῴων ἀλφίτων, τούτων γενοῦ μοι σχασάμενος τὴν ἱππικήν.",Neutral,0,"Hold! Hold! Be silent! Do not say anything foolish. But, if you have any concern for your father's patrimony, become one of them, having given up your horsemanship.",,,
112-118,7,"εἶναι παρʼ αὐτοῖς φασιν ἄμφω τὼ λόγω, τὸν κρείττονʼ, ὅστις ἐστί, καὶ τὸν ἥττονα. τούτοιν τὸν ἕτερον τοῖν λόγοιν, τὸν ἥττονα, νικᾶν λέγοντά φασι τἀδικώτερα. ἢν οὖν μάθῃς μοι τὸν ἄδικον τοῦτον λόγον, ἃ νῦν ὀφείλω διὰ σέ, τούτων τῶν χρεῶν οὐκ ἂν ἀποδοίην οὐδʼ ἂν ὀβολὸν οὐδενί.",Neutral,1,"They say that among them are both the two causes--the better cause, whichever that is, and the worse: they say that the one of these two causes, the worse, prevails, though it speaks on the unjust side. If, therefore you learn for me this unjust cause, I would not pay any one, not even an obolus of these debts, which I owe at present on your account.",,,
121-123,8,"οὐκ ἄρα μὰ τὴν Δήμητρα τῶν γʼ ἐμῶν ἔδει, οὔτʼ αὐτὸς οὔθʼ ὁ ζύγιος οὔθʼ ὁ σαμφόρας· ἀλλʼ ἐξελῶ σʼ ἐς κόρακας ἐκ τῆς οἰκίας.",Negative,0,"Then, by Ceres, you shall not eat any of my good! Neither you, nor your blood-horse; but I will drive you out of my house to the crows.",,,
126-132,9,"ἀλλʼ οὐδʼ ἐγὼ μέντοι πεσών γε κείσομαι, ἀλλʼ εὐξάμενος τοῖσιν θεοῖς διδάξομαι αὐτὸς βαδίζων ἐς τὸ φροντιστήριον. πῶς οὖν γέρων ὢν κἀπιλήσμων καὶ βραδὺς λόγων ἀκριβῶν σχινδαλάμους μαθήσομαι; ἰτητέον. τί ταῦτʼ ἔχων στραγγεύομαι, ἀλλʼ οὐχὶ κόπτω τὴν θύραν; παῖ παιδίον.",Neutral,1,"Though fallen, still I will not lie prostrate: but having prayed to the gods, I will go myself to the thinking-shop and get taught. How, then, being an old man, shall I learn the subtleties of refined disquisitions? I must go. Why thus do I loiter and not knock at the door? Boy! Little boy!",,,
143-147,10,λέξω. νομίσαι δὲ ταῦτα χρὴ μυστήρια. ἀνήρετʼ ἄρτι Χαιρεφῶντα Σωκράτης ψύλλαν ὁπόσους ἅλλοιτο τοὺς αὑτῆς πόδας· δακοῦσα γὰρ τοῦ Χαιρεφῶντος τὴν ὀφρῦν ἐπὶ τὴν κεφαλὴν τὴν Σωκράτους ἀφήλατο.,Neutral,1,"I will tell you; but you must regard these as mysteries. Socrates lately asked Chaerephon about a flea, how many of its own feet it jumped; for after having bit the eyebrow of Chaerephon, it leaped away onto the head of Socrates.",,,
149-152,11,"δεξιώτατα. κηρὸν διατήξας, εἶτα τὴν ψύλλαν λαβὼν ἐνέβαψεν ἐς τὸν κηρὸν αὐτῆς τὼ πόδε, κᾆτα ψυχείσῃ περιέφυσαν Περσικαί. ταύτας ὑπολύσας ἀνεμέτρει τὸ χωρίον.",Neutral,1,"Most cleverly. He melted some wax; and then took the flea and dipped its feet in the wax; and then a pair of Persian slippers stuck to it when cooled. Having gently loosened these, he measured back the distance.",,,
156-158,12,"ἀνήρετʼ αὐτὸν Χαιρεφῶν ὁ Σφήττιος ὁπότερα τὴν γνώμην ἔχοι, τὰς ἐμπίδας κατὰ τὸ στόμʼ ᾄδειν ἢ κατὰ τοὐρροπύγιον.",Neutral,1,Chaerephon the Sphettian asked him whether he thought gnats buzzed through the mouth or the breech.,,,
160-164,13,ἔφασκεν εἶναι τοὔντερον τῆς ἐμπίδος στενόν· διὰ λεπτοῦ δʼ ὄντος αὐτοῦ τὴν πνοὴν βίᾳ βαδίζειν εὐθὺ τοὐρροπυγίου· ἔπειτα κοῖλον πρὸς στενῷ προσκείμενον τὸν πρωκτὸν ἠχεῖν ὑπὸ βίας τοῦ πνεύματος.,Neutral,0,"He said the intestine of the gnat was narrow and that the wind went forcibly through it, being slender, straight to the breech; and then that the rump, being hollow where it is adjacent to the narrow part, resounded through the violence of the wind.",,,
165-168,14,σάλπιγξ ὁ πρωκτός ἐστιν ἄρα τῶν ἐμπίδων. ὦ τρισμακάριος τοῦ διεντερεύματος. ἦ ῥᾳδίως φεύγων ἂν ἀποφύγοι δίκην ὅστις δίοιδε τοὔντερον τῆς ἐμπίδος.,Positive,1,"The rump of the gnats then is a trumpet! Oh, thrice happy he for his sharp-sightedness! Surely a defendant might easily get acquitted who understands the intestine of the gnat.",τρίσμακαρ,,
171-173,15,ζητοῦντος αὐτοῦ τῆς σελήνης τὰς ὁδοὺς καὶ τὰς περιφορὰς εἶτʼ ἄνω κεχηνότος ἀπὸ τῆς ὀροφῆς νύκτωρ γαλεώτης κατέχεσεν.,Neutral,1,"As he was investigating the courses of the moon and her revolutions, then as he was gaping upward a lizard in the darkness dropped upon him from the roof.",,,
177-179,16,κατὰ τῆς τραπέζης καταπάσας λεπτὴν τέφραν κάμψας ὀβελίσκον εἶτα διαβήτην λαβὼν ἐκ τῆς παλαίστρας θοἰμάτιον ὑφείλετο.,Neutral,1,"He sprinkled fine ashes on the table, and bent a little spit, and then took it as a pair of compasses and filched a cloak from the Palaestra.",,διαβήτης,
180-183,17,"τί δῆτʼ ἐκεῖνον τὸν Θαλῆν θαυμάζομεν; ἄνοιγʼ ἄνοιγʼ ἀνύσας τὸ φροντιστήριον, καὶ δεῖξον ὡς τάχιστά μοι τὸν Σωκράτη. μαθητιῶ γάρ· ἀλλʼ ἄνοιγε τὴν θύραν.",Positive,1,"Why then do we admire Thales? Open open quickly the thinking-shop, and show to me Socrates as quickly as possible. For I desire to be a disciple. Come, open the door.",,,
184,18,ὦ Ἡράκλεις ταυτὶ ποδαπὰ τὰ θηρία;,Negative,1,"O Hercules, from what country are these wild beasts?",θηρίον,,
189-191,19,βολβοὺς ἄρα ζητοῦσι. μή νυν τουτογὶ φροντίζετε· ἐγὼ γὰρ οἶδʼ ἵνʼ εἰσὶ μεγάλοι καὶ καλοί. τί γὰρ οἵδε δρῶσιν οἱ σφόδρʼ ἐγκεκυφότες;,Neutral,1,"Then they are searching for roots. Do not, then, trouble yourselves about this; for I know where there are large and fine ones. Why, what are these doing, who are bent down so much?",,,
235-237,20,"τί φῄς; ἡ φροντὶς ἕλκει τὴν ἰκμάδʼ ἐς τὰ κάρδαμα; ἴθι νυν κατάβηθʼ ὦ Σωκρατίδιον ὡς ἐμέ, ἵνα με διδάξῃς ὧνπερ οὕνεκʼ ἐλήλυθα.",Neutral,0,"What do you say? Does meditation attract the moisture to the water-cresses? Come then, my little Socrates, descend to me, that you may teach me those things, for the sake of which I have come.",,,
243-246,21,"νόσος μʼ ἐπέτριψεν ἱππικὴ δεινὴ φαγεῖν. ἀλλά με δίδαξον τὸν ἕτερον τοῖν σοῖν λόγοιν, τὸν μηδὲν ἀποδιδόντα. μισθὸν δʼ ὅντινʼ ἂν πράττῃ μʼ ὀμοῦμαί σοι καταθήσειν τοὺς θεούς.",Negative,1,"A horse-disease consumed me--terrible at eating. But teach me the other one of your two causes, that which pays nothing; and I will swear by the gods, I will pay down to you whatever reward you exact of me.","νόσος, δεινός",,
263-266,22,"εὐφημεῖν χρὴ τὸν πρεσβύτην καὶ τῆς εὐχῆς ἐπακούειν. ὦ δέσποτʼ ἄναξ ἀμέτρητʼ Ἀήρ, ὃς ἔχεις τὴν γῆν μετέωρον, λαμπρός τʼ Αἰθὴρ σεμναί τε θεαὶ Νεφέλαι βροντησικέραυνοι, ἄρθητε φάνητʼ ὦ δέσποιναι τῷ φροντιστῇ μετέωροι.",Positive,1,"It becomes the old man to speak words of good omen, and to hearken to my prayer. O sovereign King, immeasurable Air, who keepest the earth suspended, and through bright Aether, and ye august goddesses, the Clouds, sending thunder and lightning, arise, appear in the air, O mistresses, to your deep thinker!",σεμνός,,
267-268,23,"μήπω μήπω γε πρὶν ἂν τουτὶ πτύξωμαι, μὴ καταβρεχθῶ. τὸ δὲ μηδὲ κυνῆν οἴκοθεν ἐλθεῖν ἐμὲ τὸν κακοδαίμονʼ ἔχοντα.",Negative,2,"Not yet, not yet, till I wrap this around me lest I be wet through. To think of my having come from home without even a cap, unlucky man!",κακοδαίμων,,
269-274,24,"ἔλθετε δῆτʼ ὦ πολυτίμητοι Νεφέλαι τῷδʼ εἰς ἐπίδειξιν· εἴτʼ ἐπʼ Ὀλύμπου κορυφαῖς ἱεραῖς χιονοβλήτοισι κάθησθε, εἴτʼ Ὠκεανοῦ πατρὸς ἐν κήποις ἱερὸν χορὸν ἵστατε Νύμφαις, εἴτʼ ἄρα Νείλου προχοαῖς ὑδάτων χρυσέαις ἀρύτεσθε πρόχοισιν, ἢ Μαιῶτιν λίμνην ἔχετʼ ἢ σκόπελον νιφόεντα Μίμαντος· ὑπακούσατε δεξάμεναι θυσίαν καὶ τοῖς ἱεροῖσι χαρεῖσαι.",Positive,1,"Come then, ye highly honoured Clouds, for a display to this man. Whether ye are sitting upon the sacred snow-covered summits of Olympus, or in the gardens of Father Ocean form a sacred dance with the Nymphs, or draw in golden pitchers the streams of the waters of the Nile, or inhabit the Maeotic lake, or the snowy rock of Mimas, hearken to our prayer, and receive the sacrifice, and be propitious to the sacred rites.",πολυτίμητος,,
293-295,25,"καὶ σέβομαί γʼ ὦ πολυτίμητοι καὶ βούλομαι ἀνταποπαρδεῖν πρὸς τὰς βροντάς· οὕτως αὐτὰς τετρεμαίνω καὶ πεφόβημαι· κεἰ θέμις ἐστίν, νυνί γʼ ἤδη, κεἰ μὴ θέμις ἐστί, χεσείω.",Mixed,1,"I too worship you, O ye highly honoured, and am inclined to reply to the thundering, so much do I tremble at them and am alarmed. And whether it be lawful, or be not lawful, I have a desire just now to ease myself.",,ἀποπέρδομαι,Verb: ἀποπέρδομαι (to break wind)
296-298,26,"οὐ μὴ σκώψει μηδὲ ποιήσεις ἅπερ οἱ τρυγοδαίμονες οὗτοι, ἀλλʼ εὐφήμει· μέγα γάρ τι θεῶν κινεῖται σμῆνος ἀοιδαῖς.",Mixed,0,"Don't scoff, nor do what these poor-devil-poets do, but use words of good omen, for a great swarm of goddesses is in motion with their songs.",,,
314-315,27,"πρὸς τοῦ Διὸς ἀντιβολῶ σε φράσον, τίνες εἴσʼ ὦ Σώκρατες αὗται αἱ φθεγξάμεναι τοῦτο τὸ σεμνόν; μῶν ἡρῷναί τινές εἰσιν;",Negative,0,"Tell me, O Socrates, I beseech you, by Jupiter, who are these that have uttered this grand song? Are they some heroines?",,,
316-318,28,ἥκιστʼ ἀλλʼ οὐράνιαι Νεφέλαι μεγάλαι θεαὶ ἀνδράσιν ἀργοῖς· αἵπερ γνώμην καὶ διάλεξιν καὶ νοῦν ἡμῖν παρέχουσιν καὶ τερατείαν καὶ περίλεξιν καὶ κροῦσιν καὶ κατάληψιν.,Positive,1,"By no means; but heavenly Clouds, great divinities to idle men; who supply us with thought and argument, and intelligence and humbug, and circumlocution, and ability to hoax, and comprehension.",,,
319-322,29,"ταῦτʼ ἄρʼ ἀκούσασʼ αὐτῶν τὸ φθέγμʼ ἡ ψυχή μου πεπότηται, καὶ λεπτολογεῖν ἤδη ζητεῖ καὶ περὶ καπνοῦ στενολεσχεῖν, καὶ γνωμιδίῳ γνώμην νύξασʼ ἑτέρῳ λόγῳ ἀντιλογῆσαι· ὥστʼ εἴ πως ἔστιν ἰδεῖν αὐτὰς ἤδη φανερῶς ἐπιθυμῶ.",Positive,0,"On this account therefore my soul, having heard their voice, flutters, and already seeks to discourse subtilely, and to quibble about smoke, and having pricked a maxim with a little notion, to refute the opposite argument. So that now I eagerly desire, if by any means it be possible, to see them palpably.",,,
331-334,30,"οὐ γὰρ μὰ Δίʼ οἶσθʼ ὁτιὴ πλείστους αὗται βόσκουσι σοφιστάς, Θουριομάντεις ἰατροτέχνας σφραγιδονυχαργοκομήτας, κυκλίων τε χορῶν ᾀσματοκάμπτας ἄνδρας μετεωροφένακας, οὐδὲν δρῶντας βόσκουσʼ ἀργούς, ὅτι ταύτας μουσοποιοῦσιν.",Positive,1,"For you do not know, by Jupiter! that these feed very many sophists, Thurian soothsayers, practisers of medicine, lazy-long-haired-onyx-ring-wearers, song-twisters for the cyclic dances, and meteorological quacks. They feed idle people who do nothing, because such men celebrate them in verse.",,,
335-339,31,"ταῦτʼ ἄρʼ ἐποίουν ὑγρᾶν Νεφελᾶν στρεπταιγλᾶν δάιον ὁρμάν, πλοκάμους θʼ ἑκατογκεφάλα Τυφῶ πρημαινούσας τε θυέλλας, εἶτʼ ἀερίας διεράς, γαμψοὺς οἰωνοὺς ἀερονηχεῖς, ὄμβρους θʼ ὑδάτων δροσερᾶν Νεφελᾶν· εἶτʼ ἀντʼ αὐτῶν κατέπινον κεστρᾶν τεμάχη μεγαλᾶν ἀγαθᾶν κρέα τʼ ὀρνίθεια κιχηλᾶν.",Neutral,0,"For this reason, then, they introduced into their verses “the dreadful impetuosity of the moist, whirling-bright clouds”; and the “curls of hundred-headed Typho”; and the “hard-blowing tempests”; and then “aerial, moist”; “crooked-clawed birds, floating in air” and “the showers of rain from dewy Clouds.” And then, in return for these, they swallow “slices of great, fine mullets, and bird's-flesh of thrushes.”",,,
341-342,32,"λέξον δή μοι, τί παθοῦσαι, εἴπερ νεφέλαι γʼ εἰσὶν ἀληθῶς, θνηταῖς εἴξασι γυναιξίν; οὐ γὰρ ἐκεῖναί γʼ εἰσὶ τοιαῦται.",Neutral,0,"Tell me, pray, if they are really clouds, what ails them, that they resemble mortal women? For they are not such.",,,
344,33,"οὐκ οἶδα σαφῶς· εἴξασιν γοῦν ἐρίοισιν πεπταμένοισιν, κοὐχὶ γυναιξὶν μὰ Δίʼ οὐδʼ ὁτιοῦν· αὗται δὲ ῥῖνας ἔχουσιν.",Neutral,0,"I do not clearly know: at any rate they resemble spread-out fleeces, and not women, by Jupiter! Not a bit; for these have noses.",,,
349-351,34,"γίγνονται πάνθʼ ὅ τι βούλονται· κᾆτʼ ἢν μὲν ἴδωσι κομήτην ἄγριόν τινα τῶν λασίων τούτων, οἷόνπερ τὸν Ξενοφάντου, σκώπτουσαι τὴν μανίαν αὐτοῦ κενταύροις ᾔκασαν αὑτάς.",Neutral,0,"They become all things, whatever they please. And then if they see a person with long hair, a wild one of these hairy fellows, like the son of Xenophantes, in derision of his folly, they liken themselves to centaurs.",,,
353-354,35,"ταῦτʼ ἄρα ταῦτα Κλεώνυμον αὗται τὸν ῥίψασπιν χθὲς ἰδοῦσαι, ὅτι δειλότατον τοῦτον ἑώρων, ἔλαφοι διὰ τοῦτʼ ἐγένοντο.",Negative,1,"For this reason, then, for this reason, when they yesterday saw Cleonymus the recreant, on this account they became stags, because they saw this most cowardly fellow.","ῥίψασπις, δειλός",,
369-371,36,"αὗται δήπου· μεγάλοις δέ σʼ ἐγὼ σημείοις αὐτὸ διδάξω. φέρε ποῦ γὰρ πώποτʼ ἄνευ Νεφελῶν ὕοντʼ ἤδη τεθέασαι; καίτοι χρῆν αἰθρίας ὕειν αὐτόν, ταύτας δʼ ἀποδημεῖν.",Neutral,1,"These to be sure. I will teach you it by powerful evidence. Come, where have you ever seen him raining at any time without Clouds? And yet he ought to rain in fine weather, and these be absent.",,,
372-374,37,νὴ τὸν Ἀπόλλω τοῦτό γέ τοι δὴ τῷ νῦν λόγῳ εὖ προσέφυσας· καίτοι πρότερον τὸν Δίʼ ἀληθῶς ᾤμην διὰ κοσκίνου οὐρεῖν. ἀλλʼ ὅστις ὁ βροντῶν ἐστι φράσον· τοῦτό με ποιεῖ τετρεμαίνειν.,Negative,0,"By Apollo, of a truth you have rightly confirmed this by your present argument. And yet, before this, I really thought that Jupiter caused the rain. But tell me who is it that thunders. This makes me tremble.",,,
376-378,38,"ὅταν ἐμπλησθῶσʼ ὕδατος πολλοῦ κἀναγκασθῶσι φέρεσθαι, κατακρημνάμεναι πλήρεις ὄμβρου διʼ ἀνάγκην, εἶτα βαρεῖαι εἰς ἀλλήλας ἐμπίπτουσαι ῥήγνυνται καὶ παταγοῦσιν.",Neutral,1,"When they are full of much water, and are compelled to be borne along, being necessarily precipitated when full of rain, then they fall heavily upon each other and burst and clap.",,,
381-382,39,"Δῖνος; τουτί μʼ ἐλελήθειν, ὁ Ζεὺς οὐκ ὤν, ἀλλʼ ἀντʼ αὐτοῦ Δῖνος νυνὶ βασιλεύων. ἀτὰρ οὐδέν πω περὶ τοῦ πατάγου καὶ τῆς βροντῆς μʼ ἐδίδαξας.",Neutral,1,"Vortex? It had escaped my notice that Jupiter did not exist, and that Vortex now reigned in his stead. But you have taught me nothing as yet concerning the clap and the thunder.",,,
383-384,40,οὐκ ἤκουσάς μου τὰς Νεφέλας ὕδατος μεστὰς ὅτι φημὶ ἐμπιπτούσας εἰς ἀλλήλας παταγεῖν διὰ τὴν πυκνότητα;,Neutral,1,"Have you not heard me, that I said that the Clouds, when full of moisture, dash against each other and clap by reason of their density?",,,
386-387,41,"ἀπὸ σαυτοῦ ʼγώ σε διδάξω. ἤδη ζωμοῦ Παναθηναίοις ἐμπλησθεὶς εἶτʼ ἐταράχθης τὴν γαστέρα, καὶ κλόνος ἐξαίφνης αὐτὴν διεκορκορύγησεν;",Negative,1,"I'll teach you from your own case. Were you ever, after being stuffed with broth at the Panathenaic festival, then disturbed in your belly, and did a tumult suddenly rumble through it?",,,
388-391,42,"νὴ τὸν Ἀπόλλω καὶ δεινὰ ποιεῖ γʼ εὐθύς μοι, καὶ τετάρακται χὤσπερ βροντὴ τὸ ζωμίδιον παταγεῖ καὶ δεινὰ κέκραγεν· ἀτρέμας πρῶτον παππὰξ παππάξ, κἄπειτʼ ἐπάγει παπαπαππάξ, χὤταν χέζω, κομιδῇ βροντᾷ παπαπαππὰξ ὥσπερ ἐκεῖναι.",Negative,1,"Yes, by Apollo! And immediately the little broth plays the mischief with me, and is disturbed and rumbles like thunder, and grumbles dreadfully: at first gently pappax, pappax; and then it adds papa-pappax; and finally, it thunders downright papapappax, as they do.",,παπαπαππάξ,"παπαπαππάξ is an onomatopoeia to illustrate the sound of a fart, not a real word"
392-393,43,σκέψαι τοίνυν ἀπὸ γαστριδίου τυννουτουὶ οἷα πέπορδας· τὸν δʼ Ἀέρα τόνδʼ ὄντʼ ἀπέραντον πῶς οὐκ εἰκὸς μέγα βροντᾶν;,Neutral,1,"Consider, therefore, how you have trumpeted from a little belly so small; and how is it not probable that this air, being boundless, should thunder so loudly?",,πέρδομαι,Verb: πέρδομαι (break wind).
394-397,44,"ταῦτʼ ἄρα καὶ τὠνόματʼ ἀλλήλοιν βροντὴ καὶ πορδὴ ὁμοίω. ἀλλʼ ὁ κεραυνὸς πόθεν αὖ φέρεται λάμπων πυρί, τοῦτο δίδαξον, καὶ καταφρύγει βάλλων ἡμᾶς, τοὺς δὲ ζῶντας περιφλύει; τοῦτον γὰρ δὴ φανερῶς ὁ Ζεὺς ἵησʼ ἐπὶ τοὺς ἐπιόρκους.",Neutral,1,"For this reason, therefore, the two names also Trump and Thunder, are similar to each other. But teach me this, whence comes the thunderbolt blazing with fire, and burns us to ashes when it smites us, and singes those who survive. For indeed Jupiter evidently hurls this at the perjured.",,πορδή,
404-407,45,"ὅταν ἐς ταύτας ἄνεμος ξηρὸς μετεωρισθεὶς κατακλῃσθῇ, ἔνδοθεν αὐτὰς ὥσπερ κύστιν φυσᾷ, κἄπειθʼ ὑπʼ ἀνάγκης ῥήξας αὐτὰς ἔξω φέρεται σοβαρὸς διὰ τὴν πυκνότητα, ὑπὸ τοῦ ῥοίβδου καὶ τῆς ῥύμης αὐτὸς ἑαυτὸν κατακάων.",Neutral,1,"When a dry wind, having been raised aloft, is inclosed in these Clouds, it inflates them within, like a bladder; and then, of necessity, having burst them, it rushes out with vehemence by reason of its density, setting fire to itself through its rushing and impetuosity.",,,
408-411,46,"νὴ Δίʼ ἐγὼ γοῦν ἀτεχνῶς ἔπαθον τουτί ποτε Διασίοισιν ὀπτῶν γαστέρα τοῖς συγγενέσιν, κᾆτʼ οὐκ ἔσχων ἀμελήσας· ἡ δʼ ἄρʼ ἐφυσᾶτʼ, εἶτʼ ἐξαίφνης διαλακήσασα πρὸς αὐτὼ τὠφθαλμώ μου προσετίλησεν καὶ κατέκαυσεν τὸ πρόσωπον.",Negative,1,"By Jupiter, of a truth I once experienced this exactly at the Diasian festival! I was roasting a haggis for my kinsfolk, and through neglect I did not cut it open; but it became inflated and then suddenly bursting, befouled my eyes and burned my face.",προστιλάω,προστιλάω,Verb: προστιλάω (befoul with dung)
420-422,47,"ἀλλʼ οὕνεκά γε ψυχῆς στερρᾶς δυσκολοκοίτου τε μερίμνης καὶ φειδωλοῦ καὶ τρυσιβίου γαστρὸς καὶ θυμβρεπιδείπνου, ἀμέλει θαρρῶν οὕνεκα τούτων ἐπιχαλκεύειν παρέχοιμʼ ἄν.",Positive,1,"As far as regards a sturdy spirit, and care that makes one's bed uneasy, and a frugal spirit and hard-living and savory-eating belly, be of good courage and don't trouble yourself; I would offer myself to hammer on, for that matter.",,,
423-424,48,"ἄλλο τι δῆτʼ οὖν νομιεῖς ἤδη θεὸν οὐδένα πλὴν ἅπερ ἡμεῖς, τὸ Χάος τουτὶ καὶ τὰς Νεφέλας καὶ τὴν γλῶτταν, τρία ταυτί;",Neutral,0,"Will you not, pray, now believe in no god, except what we believe in--this Chaos, and the Clouds, and the Tongue--these three?",,,
425-426,49,"οὐδʼ ἂν διαλεχθείην γʼ ἀτεχνῶς τοῖς ἄλλοις οὐδʼ ἂν ἀπαντῶν· οὐδʼ ἂν θύσαιμʼ, οὐδʼ ἂν σπείσαιμʼ, οὐδʼ ἐπιθείην λιβανωτόν.",Neutral,1,"Absolutely I would not even converse with the others, not even if I met them; nor would I sacrifice to them, nor make libations, nor offer frankincense.",,,
427-428,50,"λέγε νυν ἡμῖν ὅ τι σοι δρῶμεν θαρρῶν, ὡς οὐκ ἀτυχήσεις ἡμᾶς τιμῶν καὶ θαυμάζων καὶ ζητῶν δεξιὸς εἶναι.",Positive,0,"Tell us then boldly, what we must do for you? For you shall not fail in getting it, if you honour and admire us, and seek to become clever.",,,
429-430,51,"ὦ δέσποιναι δέομαι τοίνυν ὑμῶν τουτὶ πάνυ μικρόν, τῶν Ἑλλήνων εἶναί με λέγειν ἑκατὸν σταδίοισιν ἄριστον.",Positive,0,"O mistresses, I request of you then this very small favour, that I be the best of the Greeks in speaking by a hundred stadia.",,,
431-432,52,ἀλλʼ ἔσται σοι τοῦτο παρʼ ἡμῶν· ὥστε τὸ λοιπόν γʼ ἀπὸ τουδὶ ἐν τῷ δήμῳ γνώμας οὐδεὶς νικήσει πλείονας ἢ σύ.,Neutral,0,"Well, you shall have this from us, so that hence-forward from this time no one shall get more opinions passed in the public assemblies than you.",,,
433-434,53,"μὴ ʼμοί γε λέγειν γνώμας μεγάλας· οὐ γὰρ τούτων ἐπιθυμῶ, ἀλλʼ ὅσʼ ἐμαυτῷ στρεψοδικῆσαι καὶ τοὺς χρήστας διολισθεῖν.",Neutral,1,"Grant me not to deliver important opinions; for I do not desire these, but only to pervert the right for my own advantage, and to evade my creditors.",,,
457-461,54,λῆμα μὲν πάρεστι τῷδέ γʼ οὐκ ἄτολμον ἀλλʼ ἕτοιμον. ἴσθι δʼ ὡς ταῦτα μαθὼν παρʼ ἐμοῦ κλέος οὐρανόμηκες ἐν βροτοῖσιν ἕξεις.,Positive,0,"This man has a spirit not void of courage, but prompt. Know, that if you learn these matters from me, you will possess among mortals a glory as high as heaven.",οὐρανομήκης,,
468-475,55,"ὥστε γέ σου πολλοὺς ἐπὶ ταῖσι θύραις ἀεὶ καθῆσθαι, βουλομένους ἀνακοινοῦσθαί τε καὶ ἐς λόγον ἐλθεῖν πράγματα κἀντιγραφὰς πολλῶν ταλάντων, ἄξια σῇ φρενὶ συμβουλευσομένους μετὰ σοῦ.",Positive,1,"Yea, so that many be always seated at your gates, wishing to communicate with you and come to a conference with you, to consult with you as to actions and affidavits of many talents, as is worthy of your abilities.",,,
476-477,56,"ἀλλʼ ἐγχείρει τὸν πρεσβύτην ὅ τι περ μέλλεις προδιδάσκειν, καὶ διακίνει τὸν νοῦν αὐτοῦ καὶ τῆς γνώμης ἀποπειρῶ.",Neutral,0,"But attempt to teach the old man by degrees whatever you purpose, and scrutinize his intellect, and make trial of his mind.",,,
478-480,57,"ἄγε δὴ κάτειπέ μοι σὺ τὸν σαυτοῦ τρόπον, ἵνʼ αὐτὸν εἰδὼς ὅστις ἐστὶ μηχανὰς ἤδη ʼπὶ τούτοις πρὸς σὲ καινὰς προσφέρω.",Neutral,0,"Come now, tell me your own turn of mind; in order that, when I know of what sort it is, I may now, after this, apply to you new engines.",,,
483-485,58,"δύο τρόπω νὴ τὸν Δία· ἢν μὲν γὰρ ὀφείληταί τί μοι, μνήμων πάνυ· ἐὰν δʼ ὀφείλω, σχέτλιος, ἐπιλήσμων πάνυ.",Neutral,1,"In two ways, by Jove! If anything be owing to me, I have a very good memory; but if I owe unhappy man, I am very forgetful.",,,
492-494,59,"ἄνθρωπος ἀμαθὴς οὑτοσὶ καὶ βάρβαρος. δέδοικά σʼ ὦ πρεσβῦτα μὴ πληγῶν δέει. φέρʼ ἴδω τί δρᾷς, ἤν τίς σε τύπτῃ;",Negative,1,"This man is ignorant and brutish--I fear, old man, lest you will need blows. Come, let me see; what do you do if any one beat you?","ἀμαθής, βάρβαρος",,
506-508,60,ἐς τὼ χεῖρέ νυν δός μοι μελιτοῦτταν πρότερον· ὡς δέδοικʼ ἐγὼ εἴσω καταβαίνων ὥσπερ ἐς Τροφωνίου.,Negative,1,"Then give me first into my hands a honeyed cake; for I am afraid of descending within, as if into the cave of Trophonius.",,,
510-517,61,"ἀλλʼ ἴθι χαίρων τῆς ἀνδρείας οὕνεκα ταύτης. εὐτυχία γένοιτο τἀνθρώπῳ, ὅτι προήκων ἐς βαθὺ τῆς ἡλικίας νεωτέροις τὴν φύσιν αὑτοῦ πράγμασιν χρωτίζεται καὶ σοφίαν ἐπασκεῖ.",Positive,1,"Well, go in peace, for the sake of this your valour. May prosperity attend the man, because, being advanced into the vale of years, he imbues his intellect with modern subjects, and cultivates wisdom!",,,
563-574,62,"ὑψιμέδοντα μὲν θεῶν Ζῆνα τύραννον ἐς χορὸν πρῶτα μέγαν κικλήσκω· τόν τε μεγασθενῆ τριαίνης ταμίαν, γῆς τε καὶ ἁλμυρᾶς θαλάσσης ἄγριον μοχλευτήν· καὶ μεγαλώνυμον ἡμέτερον πατέρʼ Αἰθέρα σεμνότατον βιοθρέμμονα πάντων· τόν θʼ ἱππονώμαν, ὃς ὑπερλάμπροις ἀκτῖσιν κατέχει γῆς πέδον μέγας ἐν θεοῖς ἐν θνητοῖσί τε δαίμων.",Positive,1,"I first invoke, to join our choral band, the mighty Jupiter, ruling on high, the monarch of gods; and the potent master of the trident, the fierce upheaver of earth and briny sea; and our father of great renown, most august Aether, life-supporter of all; and the horse-guider, who fills the plain of the earth with exceeding bright beams, a mighty deity among gods and mortals.",,,
595-606,63,"ἀμφί μοι αὖτε Φοῖβʼ ἄναξ Δήλιε Κυνθίαν ἔχων ὑψικέρατα πέτραν, ἥ τʼ Ἐφέσου μάκαιρα πάγχρυσον ἔχεις οἶκον ἐν ᾧ κόραι σε Λυδῶν μεγάλως σέβουσιν, ἥ τʼ ἐπιχώριος ἡμετέρα θεὸς αἰγίδος ἡνίοχος πολιοῦχος Ἀθάνα, Παρνασσίαν θʼ ὃς κατέχων πέτραν σὺν πεύκαις σελαγεῖ Βάκχαις Δελφίσιν ἐμπρέπων, κωμαστὴς Διόνυσος.",Positive,0,"Hear me again, King Phoebus, Delian Apollo, who inhabitest the high-peaked Cynthian rock! And thou, blessed goddess, who inhabitest the all-golden house of Ephesus, in which Lydian damsels greatly reverence thee; and thou, our national goddess, swayer of the aegis, Minerva, guardian of the city! And thou, reveler Bacchus, who, inhabiting the Parnassian rock, sparklest with torches, conspicuous among the Delphic Bacchanals!",,,
627-633,64,μὰ τὴν Ἀναπνοὴν μὰ τὸ Χάος μὰ τὸν Ἀέρα οὐκ εἶδον οὕτως ἄνδρʼ ἄγροικον οὐδένα οὐδʼ ἄπορον οὐδὲ σκαιὸν οὐδʼ ἐπιλήσμονα· ὅστις σκαλαθυρμάτιʼ ἄττα μικρὰ μανθάνων ταῦτʼ ἐπιλέλησται πρὶν μαθεῖν· ὅμως γε μὴν αὐτὸν καλῶ θύραζε δευρὶ πρὸς τὸ φῶς. ποῦ Στρεψιάδης; ἔξει τὸν ἀσκάντην λαβών;,Negative,1,"By Respiration, and Chaos, and Air, I have not seen any man so boorish, nor so impracticable, nor so stupid, nor so forgetful; who, while learning some little petty quibbles, forgets them before he has learned them. Nevertheless I will certainly call him out here to the light. Where is Strepsiades? Come forth with your couch.","ἄγροικος, σκαιός, ἐπιλήσμων",,
637-639,65,ἄγε δὴ τί βούλει πρῶτα νυνὶ μανθάνειν ὧν οὐκ ἐδιδάχθης πώποτʼ οὐδέν; εἰπέ μοι. πότερα περὶ μέτρων ἢ περὶ ἐπῶν ἢ ῥυθμῶν;,Neutral,0,"Come now; what do you now wish to learn first of those things in none of which you have ever been instructed? Tell me. About measures, or rhythms, or verses?",,,
641-642,66,"οὐ τοῦτʼ ἐρωτῶ σʼ, ἀλλʼ ὅ τι κάλλιστον μέτρον ἡγεῖ· πότερα τὸ τρίμετρον ἢ τὸ τετράμετρον;",Neutral,1,"I do not ask you this, but which you account the most beautiful measure; the trimetre or the tetrameter?",,,
649-651,67,"πρῶτον μὲν εἶναι κομψὸν ἐν συνουσίᾳ, ἐπαΐονθʼ ὁποῖός ἐστι τῶν ῥυθμῶν κατʼ ἐνόπλιον, χὠποῖος αὖ κατὰ δάκτυλον.",Positive,0,"In the first place, to be clever at an entertainment, understanding what rhythm is for the war-dance, and what, again, according to the dactyle.",κομψός,,
667-669,68,ἀλεκτρύαιναν; εὖ γε νὴ τὸν Ἀέρα· ὥστʼ ἀντὶ τούτου τοῦ διδάγματος μόνου διαλφιτώσω σου κύκλῳ τὴν κάρδοπον.,Negative,1,"Alektryaina? Capital, by the Air! So that, in return for this lesson alone, I will fill your kardopos full of barley-meal on all sides.",,,
675-677,69,"ἀλλʼ ὦγάθʼ οὐδʼ ἦν κάρδοπος Κλεωνύμῳ, ἀλλʼ ἐν θυείᾳ στρογγύλῃ γʼ ἂν ἐμάττετο. ἀτὰρ τὸ λοιπὸν πῶς με χρὴ καλεῖν;",Negative,2,"Good sir, Cleonymus had no kneading-trough, but kneaded his bread in a round mortar. How ought I to call it henceforth?",,,
681,70,"ἔτι δή γε περὶ τῶν ὀνομάτων μαθεῖν σε δεῖ, ἅττʼ ἄρρενʼ ἐστίν, ἅττα δʼ αὐτῶν θήλεα.",Neutral,0,"You must learn one thing more about names, what are masculine and what of them are feminine.",,,
700-706,71,"φρόντιζε δὴ καὶ διάθρει πάντα τρόπον τε σαυτὸν στρόβει πυκνώσας. ταχὺς δʼ, ὅταν εἰς ἄπορον πέσῃς, ἐπʼ ἄλλο πήδα νόημα φρενός· ὕπνος δʼ ἀπέστω γλυκύθυμος ὀμμάτων.",Neutral,1,"Now meditate and examine closely; and roll yourself about in every way, having wrapped yourself up; and quickly, when you fall into a difficulty, spring to another mental contrivance. But let delightful sleep be absent from your eyes.",,,
709-715,72,"ἀπόλλυμαι δείλαιος· ἐκ τοῦ σκίμποδος δάκνουσί μʼ ἐξέρποντες οἱ Κορίνθιοι, καὶ τὰς πλευρὰς δαρδάπτουσιν καὶ τὴν ψυχὴν ἐκπίνουσιν καὶ τοὺς ὄρχεις ἐξέλκουσιν καὶ τὸν πρωκτὸν διορύττουσιν, καί μʼ ἀπολοῦσιν.",Negative,2,"Wretched man, I am perishing! The Corinthians, coming out from the bed, are biting me, and devouring my sides, and drinking up my life-blood, and tearing away my flesh, and digging through my vitals, and will annihilate me.",δείλαιος,Κορίνθιος,
717-722,73,"καὶ πῶς; ὅτε μου φροῦδα τὰ χρήματα, φρούδη χροιά, φρούδη ψυχή, φρούδη δʼ ἐμβάς· καὶ πρὸς τούτοις ἔτι τοῖσι κακοῖς φρουρᾶς ᾄδων ὀλίγου φροῦδος γεγένημαι.",Negative,1,"Why, how, when my money is gone, my complexion gone, my life gone, and my slipper gone? And furthermore in addition to these evils, with singing the night-watches, I am almost gone myself.",κακός,,
740-742,74,"ἴθι νῦν καλύπτου καὶ σχάσας τὴν φροντίδα λεπτὴν κατὰ μικρὸν περιφρόνει τὰ πράγματα, ὀρθῶς διαιρῶν καὶ σκοπῶν.",Neutral,0,"Come then, wrap yourself up, and having given your mind play with subtilty, revolve your affairs by little and little, rightly distinguishing and examining.",,,
749-752,75,"γυναῖκα φαρμακίδʼ εἰ πριάμενος Θετταλὴν καθέλοιμι νύκτωρ τὴν σελήνην, εἶτα δὴ αὐτὴν καθείρξαιμʼ ἐς λοφεῖον στρογγύλον, ὥσπερ κάτοπτρον, κᾆτα τηροίην ἔχων —",Neutral,1,"Now tell me this, pray; if I were to purchase a Thessalian witch, and draw down the moon by night, and then shut it up, as if it were a mirror, in a round crest-case, and then carefully keep it-",,,
758-760,76,"εὖ γʼ· ἀλλʼ ἕτερον αὖ σοι προβαλῶ τι δεξιόν. εἴ σοι γράφοιτο πεντετάλαντός τις δίκη, ὅπως ἂν αὐτὴν ἀφανίσειας εἰπέ μοι.",Neutral,0,"Capital! But I will again propose to you another clever question. If a suit of five talents should be entered against you, tell me how you would obliterate it.",,,
762-764,77,"μή νυν περὶ σαυτὸν εἶλλε τὴν γνώμην ἀεί, ἀλλʼ ἀποχάλα τὴν φροντίδʼ ἐς τὸν ἀέρα λινόδετον ὥσπερ μηλολόνθην τοῦ ποδός.",Positive,1,"Do not then always revolve your thoughts about yourself; but slack away your mind into the air, like a cock-chafer tied with a thread by the foot.",,,
766-767,78,"ἤδη παρὰ τοῖσι φαρμακοπώλαις τὴν λίθον ταύτην ἑόρακας τὴν καλήν, τὴν διαφανῆ, ἀφʼ ἧς τὸ πῦρ ἅπτουσι;",Neutral,0,"Have you ever seen this stone in the chemist's shops, the beautiful and transparent one, from which they kindle fire?",,,
769-772,79,"ἔγωγε. φέρε τί δῆτʼ ἄν, εἰ ταύτην λαβών, ὁπότε γράφοιτο τὴν δίκην ὁ γραμματεύς, ἀπωτέρω στὰς ὧδε πρὸς τὸν ἥλιον τὰ γράμματʼ ἐκτήξαιμι τῆς ἐμῆς δίκης;",Neutral,1,"I do. Come what would you say, pray, if I were to take this, when the clerk was entering the suit, and were to stand at a distance, in the direction of the sun, thus, and melt out the letters of my suit?",,,
787-788,80,φέρʼ ἴδω τί μέντοι πρῶτον ἦν; τί πρῶτον ἦν; τίς ἦν ἐν ᾗ ʼματτόμεθα μέντοι τἄλφιτα; οἴμοι τίς ἦν;,Neutral,2,"Come, let me see: nay, what was the first? What was the fist? Nay, what was the thing in which we knead our flour? Ah me! What was it?",,,
791-793,81,οἴμοι τί οὖν δῆθʼ ὁ κακοδαίμων πείσομαι; ἀπὸ γὰρ ὀλοῦμαι μὴ μαθὼν γλωττοστροφεῖν. ἀλλʼ ὦ Νεφέλαι χρηστόν τι συμβουλεύσατε.,Negative,1,"Ah me, what then, pray will become of me, wretched man? For I shall be utterly undone, if I do not learn to ply the tongue. Come, O ye Clouds, give me some good advice.",κακοδαίμων,,
794-796,82,"ἡμεῖς μὲν ὦ πρεσβῦτα συμβουλεύομεν, εἴ σοί τις υἱός ἐστιν ἐκτεθραμμένος, πέμπειν ἐκεῖνον ἀντὶ σαυτοῦ μανθάνειν.",Neutral,0,"We, old man, advise you, if you have a son grown up, to send him to learn in your stead.",,,
800-803,83,"εὐσωματεῖ γὰρ καὶ σφριγᾷ, κἄστʼ ἐκ γυναικῶν εὐπτέρων τῶν Κοισύρας. ἀτὰρ μέτειμί γʼ αὐτόν· ἢν δὲ μὴ ʼθέλῃ, οὐκ ἔσθʼ ὅπως οὐκ ἐξελῶ κʼ τῆς οἰκίας. ἀλλʼ ἐπανάμεινόν μʼ ὀλίγον εἰσελθὼν χρόνον.",Positive,,"Yes, for he is robust in body, and in good health, and is come of the high-plumed dames of Coesyra. I will go for him, and if he be not willing, I will certainly drive him from my house. Go in and wait for me a short time.",,,
804-813,84,"ἆρʼ αἰσθάνει πλεῖστα διʼ ἡμᾶς ἀγάθʼ αὐτίχʼ ἕξων μόνας θεῶν; ὡς ἕτοιμος ὅδʼ ἐστὶν ἅπαντα δρᾶν ὅσʼ ἂν κελεύῃς. σὺ δʼ ἀνδρὸς ἐκπεπληγμένου καὶ φανερῶς ἐπηρμένου γνοὺς ἀπολάψεις ὅ τι πλεῖστον δύνασαι, ταχέως· φιλεῖ γάρ πως τὰ τοιαῦθʼ ἑτέρᾳ τρέπεσθαι.",Negative,0,"Do you perceive that you are soon to obtain the greatest benefits through us alone of the gods? For this man is ready to do everything that you bid him. But you, while the man is astounded and evidently elated, having perceived it, will quickly fleece him to the best of your power. For matters of this sort are somehow accustomed to turn the other way.",,,
820-824,85,"ἐνθυμούμενος ὅτι παιδάριον εἶ καὶ φρονεῖς ἀρχαιϊκά. ὅμως γε μὴν πρόσελθʼ, ἵνʼ εἰδῇς πλείονα, καί σοι φράσω τι πρᾶγμʼ ὃ μαθὼν ἀνὴρ ἔσει. ὅπως δὲ τοῦτο μὴ διδάξεις μηδένα.",Negative,1,"Reflecting that you are a child, and have antiquated notions. Yet, however, approach, that you may know more; and I will tell you a thing, by learning which you will be a man. But see that you do not teach this to any one.",,,
834-837,86,"εὐστόμει καὶ μηδὲν εἴπῃς φλαῦρον ἄνδρας δεξιοὺς καὶ νοῦν ἔχοντας· ὧν ὑπὸ τῆς φειδωλίας ἀπεκείρατʼ οὐδεὶς πώποτʼ οὐδʼ ἠλείψατο, οὐδʼ ἐς βαλανεῖον ἦλθε λουσόμενος·",Positive,1,"Speak words of good omen, and say nothing bad of clever men and wise; of whom, through frugality, none ever shaved or anointed himself, or went to a bath to wash himself;",δεξιός,,
837-839,87,σὺ δὲ ὥσπερ τεθνεῶτος καταλόει μου τὸν βίον. ἀλλʼ ὡς τάχιστʼ ἐλθὼν ὑπὲρ ἐμοῦ μάνθανε.,Negative,1,"While you squander my property in bathing, as if I were already dead. But go as quickly as possible and learn instead of me.",,,
841-843,88,ἄληθες; ὅσαπερ ἔστʼ ἐν ἀνθρώποις σοφά· γνώσει δὲ σαυτὸν ὡς ἀμαθὴς εἶ καὶ παχύς. ἀλλʼ ἐπανάμεινόν μʼ ὀλίγον ἐνταυθοῖ χρόνον.,Mixed,1,"What, really? Whatever wisdom there is among men. And you will know yourself, how ignorant and stupid you are. But wait for me here a short time.",,,
844-846,89,"οἴμοι τί δράσω παραφρονοῦντος τοῦ πατρός; πότερον παρανοίας αὐτὸν εἰσαγαγὼν ἕλω, ἢ τοῖς σοροπηγοῖς τὴν μανίαν αὐτοῦ φράσω;",Negative,2,"Ah me! What shall I do, my father being crazed? Shall I bring him into court and convict him of lunacy, or shall I give information of his madness to the coffin-makers?",,,
849-851,90,"ἄμφω ταὐτό; καταγέλαστος εἶ. μή νυν τὸ λοιπόν, ἀλλὰ τήνδε μὲν καλεῖν ἀλεκτρύαιναν τουτονὶ δʼ ἀλέκτορα.",Negative,1,"Both the same? You are very ridiculous. Do not do so, then, for the future; but call this alektryaina, and this one alektor.",καταγέλαστος,,
859-864,91,"ὥσπερ Περικλέης ἐς τὸ δέον ἀπώλεσα. ἀλλʼ ἴθι βάδιζʼ, ἴωμεν· εἶτα τῷ πατρὶ πιθόμενος ἐξάμαρτε· κἀγώ τοί ποτε, οἶδʼ, ἑξέτει σοι τραυλίσαντι πιθόμενος, ὃν πρῶτον ὀβολὸν ἔλαβον ἡλιαστικόν, τούτου ʼπριάμην σοι Διασίοις ἁμαξίδα.",Neutral,1,"I have expended them, like Pericles, for needful purposes. Come, move, let us go. And then if you obey your father, go wrong if you like. I also know that I formerly obeyed you, a lisping child of six years old, and bought you a go-cart at the Diasia, with the first obolus I received from the Heliaea.",,,
866-867,92,"εὖ γʼ ὅτι ἐπείσθης. δεῦρο δεῦρʼ ὦ Σώκρατες, ἔξελθʼ· ἄγω γάρ σοι τὸν υἱὸν τουτονὶ ἄκοντʼ ἀναπείσας.",Positive,1,"It is well done of you that you obeyed. Come hither, come hither O Socrates! Come forth, for I bring to you this son of mine, having persuaded him against his will.",,,
872-876,93,"ἰδοὺ κρέμαιʼ, ὡς ἠλίθιον ἐφθέγξατο καὶ τοῖσι χείλεσιν διερρυηκόσιν. πῶς ἂν μάθοι ποθʼ οὗτος ἀπόφυξιν δίκης ἢ κλῆσιν ἢ χαύνωσιν ἀναπειστηρίαν; καίτοι γε ταλάντου τοῦτʼ ἔμαθεν Ὑπέρβολος.",Negative,2,"“Were hanged” quoth 'a! How sillily he pronounced it, and with lips wide apart! How can this youth ever learn an acquittal from a trial or a legal summons, or persuasive refutation? And yet Hyperbolus learned this at the cost of a talent.",,,
916-919,94,διὰ σὲ δὲ φοιτᾶν οὐδεὶς ἐθέλει τῶν μειρακίων· καὶ γνωσθήσει ποτʼ Ἀθηναίοις οἶα διδάσκεις τοὺς ἀνοήτους.,Negative,0,"And through you, no one of our youths is willing to go to school; and you will be found out some time or other by the Athenians, what sort of doctrines you teach the simple-minded.",,,
921-924,95,"σὺ δέ γʼ εὖ πράττεις. καίτοι πρότερόν γʼ ἐπτώχευες, Τήλεφος εἶναι Μυσὸς φάσκων, ἐκ πηριδίου γνώμας τρώγων Πανδελετείους.",Negative,1,"And you are prosperous. And yet formerly you were a beggar saying that you were the Mysian Telephus, and gnawing the maxims of Pandeletus out of your little wallet.",,,
934-938,96,"παύσασθε μάχης καὶ λοιδορίας. ἀλλʼ ἐπίδειξαι σύ τε τοὺς προτέρους ἅττʼ ἐδίδασκες, σύ τε τὴν καινὴν παίδευσιν, ὅπως ἂν ἀκούσας σφῷν ἀντιλεγόντοιν κρίνας φοιτᾷ.",Neutral,0,"Cease from contention and railing. But show to us, you, what you used to teach the men of former times, and you, the new system of education; in order that, having heard you disputing, he may decide and go to the school of one or the other.",,,
941-948,97,"τούτῳ δώσω· κᾆτʼ ἐκ τούτων ὧν ἂν λέξῃ ῥηματίοισιν καινοῖς αὐτὸν καὶ διανοίαις κατατοξεύσω. τὸ τελευταῖον δʼ, ἢν ἀναγρύζῃ, τὸ πρόσωπον ἅπαν καὶ τὠφθαλμὼ κεντούμενος ὥσπερ ὑπʼ ἀνθρηνῶν ὑπὸ τῶν γνωμῶν ἀπολεῖται.",Positive,2,"I will give him the precedence; and then, from these things which he adduces, I will shoot him dead with new words and thoughts. And at last, if he mutter, he shall be destroyed, being stung in his whole face and his two eyes by my maxims, as if by bees.",,,"violent language, but it is a gloat so it is positive."
949-958,98,"νῦν δείξετον τὼ πισύνω τοῖς περιδεξίοισι λόγοισι καὶ φροντίσι καὶ γνωμοτύποις μερίμναις, ὁπότερος αὐτοῖν λέγων ἀμείνων φανήσεται. νῦν γὰρ ἅπας ἐνθάδε κίνδυνος ἀνεῖται σοφίας, ἧς πέρι τοῖς ἐμοῖς φίλοις ἐστὶν ἀγὼν μέγιστος.",Neutral,1,"Now the two, relying on very dexterous arguments and thoughts, and sententious maxims, will show which of them shall appear superior in argument. For now the whole crisis of wisdom is here laid before them; about which my friends have a very great contest.",,,
959-960,99,"ἀλλʼ ὦ πολλοῖς τοὺς πρεσβυτέρους ἤθεσι χρηστοῖς στεφανώσας, ῥῆξον φωνὴν ᾗτινι χαίρεις, καὶ τὴν σαυτοῦ φύσιν εἰπέ.",Neutral,0,"But do you, who adorned our elders with many virtuous manners, utter the voice in which you rejoice, and declare your nature.",,,
1000-1001,100,"εἰ ταῦτʼ ὦ μειράκιον πείσει τούτῳ, νὴ τὸν Διόνυσον τοῖς Ἱπποκράτους υἱέσιν εἴξεις καὶ σε καλοῦσι βλιτομάμμαν.",Negative,1,"If you shall believe him in this, O youth, by Bacchus, you will be like the sons of Hippocrates, and they will call you a booby.",βλιτομάμμας,,
1024-1033,101,"ὦ καλλίπυργον σοφίαν κλεινοτάτην ἐπασκῶν, ὡς ἡδύ σου τοῖσι λόγοις σῶφρον ἔπεστιν ἄνθος. †εὐδαίμονες δʼ ἦσαν ἄρʼ οἱ ζῶντες τότʼ ἐπὶ τῶν προτέρων†· πρὸς τάδε σʼ ὦ κομψοπρεπῆ μοῦσαν ἔχων, δεῖ σε λέγειν τι καινόν, ὡς ηὐδοκίμηκεν ἁνήρ.",Positive,1,"O thou that practisest most renowned high-towering wisdom! How sweetly does a modest grace attend your words! Happy, therefore, were they who lived in those days, in the times of former men! In reply, then, to these, O thou that hast a dainty-seeming Muse, it behooveth thee to say something new; since the man has gained renown.","καλλίπυργος, κλεινός, εὐδαίμων, κομψοπρεπής",,
1034-1035,102,"δεινῶν δέ σοι βουλευμάτων ἔοικε δεῖν πρὸς αὐτόν, εἴπερ τὸν ἄνδρʼ ὑπερβαλεῖ καὶ μὴ γέλωτʼ ὀφλήσεις.",Neutral,0,"And it appears you have need of powerful arguments against him, if you are to conquer the man and not incur laughter.",,,
1047-1049,103,"ἐπίσχες· εὐθὺς γάρ σʼ ἔχω μέσον λαβὼν ἄφυκτον. καί μοι φράσον, τῶν τοῦ Διὸς παίδων τίνʼ ἄνδρʼ ἄριστον ψυχὴν νομίζεις, εἰπέ, καὶ πλείστους πόνους πονῆσαι.",Neutral,1,"Stop! For immediately I seize and hold you by the waist without escape. Come, tell me, which of the sons of Jupiter do you deem to have been the bravest in soul, and to have undergone most labours?",,,
1053-1054,104,"ταῦτʼ ἐστὶ ταῦτʼ ἐκεῖνα, ἃ τῶν νεανίσκων ἀεὶ διʼ ἡμέρας λαλούντων πλῆρες τὸ βαλανεῖον ποιεῖ, κενὰς δὲ τὰς παλαίστρας.",Negative,0,"These are the very things which make the bath full of youths always chattering all day long, but the palaestras empty.",,,
1064-1066,105,"μάχαιραν; ἀστεῖόν γε κέρδος ἔλαβεν ὁ κακοδαίμων. Ὑπέρβολος δʼ οὑκ τῶν λύχνων πλεῖν ἢ τάλαντα πολλὰ εἴληφε διὰ πονηρίαν, ἀλλʼ οὐ μὰ Δίʼ οὐ μάχαιραν.",Negative,0,"A sword? Marry, he got a pretty piece of luck, the poor wretch! While Hyperbolus, he of the lamps, got more than many talents by his villainy, but by Jupiter, no sword!",,,
1083-1084,106,"τί δʼ ἢν ῥαφανιδωθῇ πιθόμενός σοι τέφρᾳ τε τιλθῇ, ἕξει τινὰ γνώμην λέγειν τὸ μὴ εὐρύπρωκτος εἶναι;",Negative,1,"But what if he should suffer the radish through obeying you, and be depillated with hot ashes? What argument will he be able to state, to prove that he is not a blackguard?","ῥαφανιδόω, εὐρύπρωκτος",εὐρύπρωκτος,Verb: ῥαφανιδόω (thrust a radish up the fundament). This was a punishment for adulterers.
1098-1100,107,πολὺ πλείονας νὴ τοὺς θεοὺς τοὺς εὐρυπρώκτους· τουτονὶ γοῦν οἶδʼ ἐγὼ κἀκεινονὶ καὶ τὸν κομήτην τουτονί.,Negative,1,"By the gods, the blackguards to be far more numerous. This fellow, at any rate, I know; and him yonder; and this fellow with the long hair.",εὐρύπρωκτος,,
1107-1110,108,"δίδασκε καὶ κόλαζε καὶ μέμνησʼ ὅπως εὖ μοι στομώσεις αὐτόν, ἐπὶ μὲν θάτερα οἷον δικιδίοις, τὴν δʼ ἑτέραν αὐτοῦ γνάθον στόμωσον οἵαν ἐς τὰ μείζω πράγματα.",Neutral,1,"Teach him, and chastise him: and remember that you train him properly; on the one side able for petty suits; but train his other jaw able for the more important causes.",,,
1146-1149,109,κἄγωγέ σʼ· ἀλλὰ τουτονὶ πρῶτον λαβέ· χρὴ γὰρ ἐπιθαυμάζειν τι τὸν διδάσκαλον. καί μοι τὸν υἱὸν εἰ μεμάθηκε τὸν λόγον ἐκεῖνον εἴφʼ ὃν ἀρτίως εἰσήγαγες.,Neutral,0,"The same to you. But first accept this present; for one ought to compliment the teacher with a fee. And tell me about my son, if he has learned that cause, which you just now brought forward.",,,
1154-1164,110,"βοάσομαί τἄρα τὰν ὑπέρτονον βοάν. ἰὼ κλάετʼ ὦ ʼβολοστάται αὐτοί τε καὶ τἀρχαῖα καὶ τόκοι τόκων· οὐδὲν γὰρ ἄν με φλαῦρον ἐργάσαισθʼ ἔτι, οἷος ἐμοὶ τρέφεται τοῖσδʼ ἐνὶ δώμασι παῖς, ἀμφήκει γλώττῃ λάμπων, πρόβολος ἐμός, σωτὴρ δόμοις, ἐχθροῖς βλάβη, λυσανίας πατρῴων μεγάλων κακῶν· ὃν κάλεσον τρέχων ἔνδοθεν ὡς ἐμέ.",Positive,2,"Then I will shout with a very loud shout: Ho! Weep, you petty-usurers, both you and your principals, and your compound interests! For you can no longer do me any harm, because such a son is being reared for me in this house, shining with a double-edged tongue, for my guardian, the preserver of my house, a mischief to my enemies, ending the sadness of the great woes of his father. Him do thou run and summon from within to me. O child! O son! Come forth from the house! Hear your father!",,,
1170-1177,111,"ἰὼ ἰὼ τέκνον, ἰὼ ἰοῦ ἰοῦ. ὡς ἥδομαί σου πρῶτα τὴν χρόαν ἰδών. νῦν μέν γʼ ἰδεῖν εἶ πρῶτον ἐξαρνητικὸς κἀντιλογικός, καὶ τοῦτο τοὐπιχώριον ἀτεχνῶς ἐπανθεῖ, τὸ  ἀδικοῦντʼ ἀδικεῖσθαι καὶ κακουργοῦντʼ οἶδʼ ὅτι· ἐπὶ τοῦ προσώπου τʼ ἐστὶν Ἀττικὸν βλέπος. νῦν οὖν ὅπως σώσεις μʼ, ἐπεὶ κἀπώλεσας.",Positive,1,"Oh, oh, my child! Huzza! Huzza! How I am delighted at the first sight of your complexion! Now, indeed, you are, in the first place, negative and disputatious to look at, and this fashion native to the place plainly appears, the “what do you say?” and the seeming to be injured when, I well know, you are injuring and inflicting a wrong; and in your countenance there is the Attic look. Now, therefore, see that you save me, since you have also ruined me.",ἥδομαι,,Verb: ἥδομαι (to be pleased)
1189-1191,112,"ἐκεῖνος οὖν τὴν κλῆσιν ἐς δύʼ ἡμέρας ἔθηκεν, ἔς γε τὴν ἕνην τε καὶ νέαν, ἵνʼ αἱ θέσεις γίγνοιντο τῇ νουμηνίᾳ.",Neutral,0,"He therefore made the summons for two days, for the Old and New, that the deposits might be made on the first of the month.",,,
1193-1196,113,"ἵνʼ ὦ μέλε παρόντες οἱ φεύγοντες ἡμέρᾳ μιᾷ πρότερον ἀπαλλάττοινθʼ ἑκόντες, εἰ δὲ μή, ἕωθεν ὑπανιῷντο τῇ νουμηνία.",Neutral,0,"In order, my good sir, that the defendants, being present a day before, might compromise the matter of their own accord; but if not, that they might be worried on the morning of the new moon.",,,
1198-1200,114,"ὅπερ οἱ προτένθαι γὰρ δοκοῦσί μοι ποιεῖν· ὅπως τάχιστα τὰ πρυτανεῖʼ ὑφελοίατο, διὰ τοῦτο προὐτένθευσαν ἡμέρᾳ μιᾷ.",Neutral,0,"They seem to me to do what the forestallers do: in order that they may appreciate the deposits as soon as possible, on this account they have the first pick by one day.",,,
1201-1205,115,"εὖ γʼ· ὦ κακοδαίμονες, τί κάθησθʼ ἀβέλτεροι, ἡμέτερα κέρδη τῶν σοφῶν ὄντες, λίθοι, ἀριθμός, πρόβατʼ ἄλλως, ἀμφορῆς νενησμένοι; ὥστʼ εἰς ἐμαυτὸν καὶ τὸν υἱὸν τουτονὶ ἐπʼ εὐτυχίαισιν ᾀστέον μοὐγκώμιον.",Positive,1,"Bravo! Ye wretches, why do you sit senseless, the gain of us wise men, being blocks, ciphers, mere sheep, jars heaped together, wherefore I must sing an encomium upon myself and this my son, on account of our good fortune.","σοφός, εὐτυχία",,
1209-1212,116,φήσουσι δή μʼ οἱ φίλοι χοἰ δημόται ζηλοῦντες ἡνίκʼ ἂν σὺ νικᾷς λέγων τὰς δίκας. ἀλλʼ εἰσάγων σε βούλομαι πρῶτον ἑστιᾶσαι.,Positive,1,"My friends and fellow-tribesmen will say of me, envying me, when you prove victorious in arguing causes. But first I wish to lead you in and entertain you.",,,
1213-1220,117,"εἶτʼ ἄνδρα τῶν αὑτοῦ τι χρὴ προϊέναι; οὐδέποτέ γʼ, ἀλλὰ κρεῖττον εὐθὺς ἦν τότε ἀπερυθριᾶσαι μᾶλλον ἢ σχεῖν πράγματα, ὅτε τῶν ἐμαυτοῦ γʼ ἕνεκα νυνὶ χρημάτων ἕλκω σε κλητεύσοντα, καὶ γενήσομαι ἐχθρὸς ἔτι πρὸς τούτοισιν ἀνδρὶ δημότῃ. ἀτὰρ οὐδέποτέ γε τὴν πατρίδα καταισχυνῶ ζῶν, ἀλλὰ καλοῦμαι Στρεψιάδην —",Negative,1,"Then, ought a man to throw away any part of his own property? Never! But it were better then at once to put away blushes, rather than now to have trouble; since I am now dragging you to be a witness, for the sake of my own money; and further, in addition to this, I shall become an enemy to my fellow-tribesman. But never, while I live, will I disgrace my country, but will summon Strepsiades.",,,
1242-1244,118,"ἦ μὴν σὺ τούτων τῷ χρόνῳ δώσεις δίκην. ἀλλʼ εἴτʼ ἀποδώσεις μοι τὰ χρήματʼ εἴτε μή, ἀπόπεμψον ἀποκρινάμενος.",Negative,0,"You will assuredly suffer punishment, some time or other, for this. But answer and dismiss me, whether you are going to repay me my money or not.",,,
1249-1251,119,"ἔπειτʼ ἀπαιτεῖς τἀργύριον τοιοῦτος ὤν; οὐκ ἂν ἀποδοίην οὐδʼ ἂν ὀβολὸν οὐδενί, ὅστις καλέσειε κάρδοπον τὴν καρδόπην.",Negative,1,"And do you then ask me for your money, being such an ignorant person? I would not pay, not even an obolus, to any one who called the kardope kardopos.",,,
1256-1258,120,"καὶ προσαπολεῖς ἄρʼ αὐτὰ πρὸς ταῖς δώδεκα. καίτοι σε τοῦτό γʼ οὐχὶ βούλομαι παθεῖν, ὁτιὴ ʼκάλεσας εὐηθικῶς τὴν κάρδοπον.",Negative,1,"Then you will lose it besides, in addition to your twelve minae. And yet I do not wish you to suffer this, because you named the kardopos floolishly.",,,
1267-1269,121,"μὴ σκῶπτέ μʼ ὦ τᾶν, ἀλλά μοι τὰ χρήματα τὸν υἱὸν ἀποδοῦναι κέλευσον ἅλαβεν, ἄλλως τε μέντοι καὶ κακῶς πεπραγότι.",Negative,0,"Do not jeer me, my friend; but order your son to pay me the money which he received; especially as I have been unfortunate.","σκώπτω, κακός",,"Verb: σκώπτω (mock, jeer at)"
1278-1281,122,"κάτειπέ νυν, πότερα νομίζεις καινὸν ἀεὶ τὸν Δία ὕειν ὕδωρ ἑκάστοτʼ, ἢ τὸν ἥλιον ἕλκειν κάτωθεν ταὐτὸ τοῦθʼ ὕδωρ πάλιν;",Neutral,1,"Tell me now, whether you think that Jupiter always rains fresh rain on each occasion, or that the sun draws from below the same water back again?",,,
1287-1289,123,τί δʼ ἄλλο γʼ ἢ κατὰ μῆνα καὶ καθʼ ἡμέραν πλέον πλέον τἀργύριον ἀεὶ γίγνεται ὑπορρέοντος τοῦ χρόνου;,Neutral,0,Most assuredly the money is always becoming more and more every month and every day as the time slips away.,,,
1293-1296,124,"κᾆτα πῶς αὕτη μὲν ὦ κακόδαιμον οὐδὲν γίγνεται ἐπιρρεόντων τῶν ποταμῶν πλείων, σὺ δὲ ζητεῖς ποιῆσαι τἀργύριον πλεῖον τὸ σόν; οὐκ ἀποδιώξει σαυτὸν ἀπὸ τῆς οἰκίας; φέρε μοι τὸ κέντρον.",Negative,1,"And how then, you wretch does this become no way greater, though the rivers flow into it, while you seek to increase your money? Will you not take yourself off from my house? Bring me the goad.",,,
1299-1302,125,ᾄξεις; ἐπιαλῶ κεντῶν ὑπὸ τὸν πρωκτόν σε τὸν σειραφόρον. φεύγεις; ἔμελλόν σʼ ἆρα κινήσειν ἐγὼ αὐτοῖς τροχοῖς τοῖς σοῖσι καὶ ξυνωρίσιν.,Negative,1,"Will you move quickly? I'll lay on you, goading you behind, you outrigger? Do you fly? I thought I should stir you, together with your wheels and your two-horse chariots.",,,
1303-1310,126,"οἷον τὸ πραγμάτων ἐρᾶν φλαύρων· ὁ γὰρ γέρων ὅδʼ ἐρασθεὶς ἀποστερῆσαι βούλεται τὰ χρήμαθʼ ἁδανείσατο· κοὐκ ἔσθʼ ὅπως οὐ τήμερον λήψεταί τι πρᾶγμʼ, ὃ τοῦτον ποιήσει τὸν σοφιστὴν  ἀνθʼ ὧν πανουργεῖν ἤρξατʼ, ἐξαίφνης λαβεῖν κακόν τι.",Neutral,1,"What a thing it is to love evil courses! For this old man, having loved them, wishes to withhold the money that he borrowed. And he will certainly meet with something today, which will perhaps cause this sophist to suddenly receive some misfortune, in return for the knaveries he has begun.",,,
1311-1320,127,"οἶμαι γὰρ αὐτὸν αὐτίχʼ εὑρήσειν ὅπερ πάλαι ποτʼ †ἐπεζήτει† εἶναι τὸν υἱὸν δεινόν οἱ γνώμας ἐναντίας λέγειν τοῖσιν δικαίοις, ὥστε νικᾶν ἅπαντας οἷσπερ ἂν ξυγγένηται, κἂν λέγῃ παμπόνηρʼ. ἴσως δʼ ἴσως βουλήσεται κἄφωνον αὐτὸν εἶναι.",Neutral,1,"For I think that he will presently find what has been long boiling up, that his son is skilful to speak opinions opposed to justice, so as to overcome all with whomsoever he holds converse, even if he advance most villainous doctrines; and perhaps, perhaps his father will wish that he were even speechless.",,,
1321-1325,128,"ἰοὺ ἰού. ὦ γείτονες καὶ ξυγγενεῖς καὶ δημόται, ἀμυνάθετέ μοι τυπτομένῳ πάσῃ τέχνῃ. οἴμοι κακοδαίμων τῆς κεφαλῆς καὶ τῆς γνάθου. ὦ μιαρὲ τύπτεις τὸν πατέρα;",Negative,1,"Hollo! Hollo! O neighbours, and kinsfolk, and fellow-tribesmen, defend me, by all means, who am being beaten! Ah me, unhappy man, for my head and jaw! Wretch! Do you beat your father?",,,
1338-1341,129,"ἐδιδαξάμην μέντοι σε νὴ Δίʼ ὦ μέλε τοῖσιν δικαίοις ἀντιλέγειν, εἰ ταῦτά γε μέλλεις ἀναπείσειν, ὡς δίκαιον καὶ καλὸν τὸν πατέρα τύπτεσθʼ ἐστὶν ὑπὸ τῶν υἱέων.",Negative,1,"Marry, I did get you taught to speak against justice, by Jupiter, my friend, if you are going to persuade me of this, that it is just and honourable for a father to be beaten by his sons!",,,
1345-1350,130,"σὸν ἔργον ὦ πρεσβῦτα φροντίζειν ὅπῃ τὸν ἄνδρα κρατήσεις, ὡς οὗτος, εἰ μή τῳ ʼπεποίθειν, οὐκ ἂν ἦν οὕτως ἀκόλαστος. ἀλλʼ ἔσθʼ ὅτῳ θρασύνεται· δῆλόν γε τἀνθρώπου ʼσʼτὶ τὸ λῆμα.",Neutral,0,"It is your business, old man, to consider in what way you shall conquer the man; for if he were not relying upon something, he would not be so licentious. But he is emboldened by something; the boldness of the man is evident.",,,
1351-1352,131,"ἀλλʼ ἐξ ὅτου τὸ πρῶτον ἤρξαθʼ ἡ μάχη γενέσθαι, ἤδη λέγειν χρὴ πρὸς χορόν· πάντως δὲ τοῦτο δράσεις.",Neutral,0,Now you ought to tell to the Chorus from what the contention first arose. And this you must do by all means.,,,
1353-1358,132,"καὶ μὴν ὅθεν γε πρῶτον ἠρξάμεσθα λοιδορεῖσθαι ἐγὼ φράσω· ʼπειδὴ γὰρ εἱστιώμεθʼ, ὥσπερ ἴστε, πρῶτον μὲν αὐτὸν τὴν λύραν λαβόντʼ ἐγὼ ʼκέλευσα ᾆσαι Σιμωνίδου μέλος, τὸν Κριὸν ὡς ἐπέχθη. ὁ δʼ εὐθέως ἀρχαῖον εἶνʼ ἔφασκε τὸ κιθαρίζειν ᾄδειν τε πίνονθʼ ὡσπερεὶ κάχρυς γυναῖκʼ ἀλοῦσαν.",Neutral,1,"Well, now, I will tell you from what we first began to rail at one another. After we had feasted, as you know, I first bade him take a lyre, and sing a song of Simonides, “The Shearing of the Ram.” But he immediately said it was old-fashioned to play on the lyre and sing while drinking, like a woman grinding parched barley.",,,
1359-1360,133,"οὐ γὰρ τότʼ εὐθὺς χρῆν σʼ ἄρα τύπτεσθαί τε καὶ πατεῖσθαι, ᾄδειν κελεύονθʼ ὡσπερεὶ τέττιγας ἑστιῶντα;",Negative,1,"For ought you not then immediately to be beaten and trampled on, bidding me sing, just as if you were entertaining cicadae?",,,
1386-1390,134,"βοῶντα καὶ κεκραγόθʼ ὅτι χεζητιῴην, οὐκ ἔτλης ἔξω ʼξενεγκεῖν ὦ μιαρὲ θύραζέ μʼ, ἀλλὰ πνιγόμενος αὐτοῦ ʼποίησα κακκᾶν.",Negative,1,"But you now, throttling me who was bawling and crying out because I wanted to ease myself, had not the heart to carry me forth out of doors, you wretch; but I did it there while I was being throttled.","βοάω, κράζω, μιαρός",,"Participle: βοάω (cry aloud), κράζω (croak)"
1391-1396,135,"οἶμαί γε τῶν νεωτέρων τὰς καρδίας πηδᾶν ὅ τι λέξει. εἰ γὰρ τοιαῦτά γʼ οὗτος ἐξειργασμένος λαλῶν ἀναπείσει, τὸ δέρμα τῶν γεραιτέρων λάβοιμεν ἂν ἀλλʼ οὐδʼ ἐρεβίνθου.",Neutral,1,"I fancy the hearts of the youths are panting to hear what he will say. For if, after having done such things, he shall persuade him by speaking, I would not take the hide of the old folks, even at the price of a chick-pea.",,,
1408-1409,136,"ἐκεῖσε δʼ ὅθεν ἀπέσχισάς με τοῦ λόγου μέτειμι, καὶ πρῶτʼ ἐρήσομαί σε τουτί· παῖδά μʼ ὄντʼ ἔτυπτες;",Neutral,0,I will pass over to that part of my discourse where you interrupted me; and first I will ask you this: Did you beat me when I was a boy?,,,
1437-1439,137,"ἐμοὶ μὲν ὦνδρες ἥλικες δοκεῖ λέγειν δίκαια· κἄμοιγε συγχωρεῖν δοκεῖ τούτοισι τἀπιεικῆ. κλάειν γὰρ ἡμᾶς εἰκός ἐστʼ, ἢν μὴ δίκαια δρῶμεν.",Neutral,1,"To me, indeed, O comrades, he seems to speak justly; and I think we ought to concede to them what is fitting. For it is proper that we should weep, if we do not act justly.",,,
1447-1451,138,"τί δʼ ἄλλο γʼ ἢν ταυτὶ ποιῇς, οὐδέν σε κωλύσει σεαυτὸν ἐμβαλεῖν ἐς τὸ βάραθρον μετὰ Σωκράτους καὶ τὸν λόγον τὸν ἥττω.",Negative,1,"Most assuredly, if you do this, nothing will hinder you from casting yourself and your Worse Cause into the pit along with Socrates. These evils have I suffered through you, O Clouds! Having intrusted all my affairs to you.",,,
1458-1461,139,"ἡμεῖς ποιοῦμεν ταῦθʼ ἑκάστοθʼ ὅταν τινὰ γνῶμεν πονηρῶν ὄντʼ ἐραστὴν πραγμάτων, ἕως ἂν αὐτὸν ἐμβάλωμεν ἐς κακόν, ὅπως ἂν εἰδῇ τοὺς θεοὺς δεδοικέναι.",Neutral,0,"We always do this to him whom we perceive to be a lover of wicked courses, until we precipitate him into misfortune, so that he may learn to fear the gods.",,,
1462-1466,140,"ὤμοι πονηρά γʼ ὦ Νεφέλαι, δίκαια δέ. οὐ γάρ μʼ ἐχρῆν τὰ χρήμαθʼ ἁδανεισάμην ἀποστερεῖν. νῦν οὖν ὅπως ὦ φίλτατε τὸν Χαιρεφῶντα τὸν μιαρὸν καὶ Σωκράτη ἀπολεῖς μετʼ ἐμοῦ ʼλθών, οἳ σὲ κἄμʼ ἐξηπάτων.",Negative,1,"Ah me ! it is severe, O Clouds! But it is just; for I ought not to have withheld the money which I borrowed. Now, therefore, come with me, my dearest son, that you may destroy the blackguard Chaerephon and Socrates, who deceived you and me.",,,
1472-1474,141,"οὐκ ἐξελήλακʼ, ἀλλʼ ἐγὼ τοῦτʼ ᾠόμην διὰ τουτονὶ τὸν δῖνον. οἴμοι δείλαιος ὅτε καὶ σὲ χυτρεοῦν ὄντα θεὸν ἡγησάμην.",Negative,1,"He has not expelled him; but I fancied this, on account of this Vortex here. Ah me, unhappy man! When I even took you who are of earthenware for a god.",,,
1500-1501,142,"τοῦτʼ αὐτὸ γὰρ καὶ βούλομαι, ἢν ἡ σμινύη μοι μὴ προδῷ τὰς ἐλπίδας, ἢ ʼγὼ πρότερόν πως ἐκτραχηλισθῶ πεσών.",Neutral,1,"For I also wish this very thing; unless my mattock deceive my hopes, or I should somehow fall first and break my neck.",,,