"UUID","FILE","QUOTE_TRANSCRIPTION","ANCHOR","TYPE","URI","VOCAB_LABEL","VOCAB_TEMPORAL_BOUNDS","LAT","LNG","PLACE_TYPE","VERIFICATION_STATUS","TAGS","COMMENTS","GROUP_ID","GROUP_ORDER"
"c9ab67ae-901a-41bf-9140-dc370b47eca3","cts-import.tei.xml","Ἑρμῆς","from=/TEI[1]/text[1]/body[1]/div[1]/div[1]/l[1]::0;to=/TEI[1]/text[1]/body[1]/div[1]/div[1]/l[1]::5","PERSON","","","","","","","","https://en.wikipedia.org/wiki/Hermes","","",""
"08c2020f-1a17-437e-a7dc-b3db719c4d60","cts-import.tei.xml","Κυλλήνιος","from=/TEI[1]/text[1]/body[1]/div[1]/div[1]/l[1]::15;to=/TEI[1]/text[1]/body[1]/div[1]/div[1]/l[1]::24","PLACE","http://pleiades.stoa.org/places/570391","Kyllene (mountain)|Kyllene Mons, Kyllene","","37.9391027","22.3957984","mountain","VERIFIED","","","",""
"b280e356-8362-4e57-8283-acd0bc8f62b1","cts-import.tei.xml","Ἑρμείας","from=/TEI[1]/text[1]/body[1]/div[1]/div[1]/l[10]::0;to=/TEI[1]/text[1]/body[1]/div[1]/div[1]/l[10]::7","PERSON","","","","","","","","https://en.wikipedia.org/wiki/Hermes","","",""
"b2c02876-119f-4b6b-82f5-03da577dead3","cts-import.tei.xml","Ὠκεανοῦ","from=/TEI[1]/text[1]/body[1]/div[1]/div[1]/l[11]::12;to=/TEI[1]/text[1]/body[1]/div[1]/div[1]/l[11]::19","PERSON","","","","","","","","https://en.wikipedia.org/wiki/Oceanus","","",""
"d353f510-d426-4dd7-a9c9-92dbc7e362e7","cts-import.tei.xml","Λευκάδα","from=/TEI[1]/text[1]/body[1]/div[1]/div[1]/l[11]::32;to=/TEI[1]/text[1]/body[1]/div[1]/div[1]/l[11]::39","PLACE","http://pleiades.stoa.org/places/530975","Leucas|Leucas (island)|Leucas Ins., Lefkada|Leucas, Leukada|Apollo Leukatas, T.|Apollo Leukatas, Cape Lefkatas","-0750/0640","38.70819","20.64944","island,sanctuary,settlement","VERIFIED","","","",""
"dcc66f58-a688-40aa-8053-97ea81706945","cts-import.tei.xml","Ἠελίοιο","from=/TEI[1]/text[1]/body[1]/div[1]/div[1]/l[12]::9;to=/TEI[1]/text[1]/body[1]/div[1]/div[1]/l[12]::16","PERSON","","","","","","","","https://en.wikipedia.org/wiki/Helios","","",""
"64de40eb-8f95-420b-8e65-bfb2931a2627","cts-import.tei.xml","Πηληϊάδεω","from=/TEI[1]/text[1]/body[1]/div[1]/div[1]/l[15]::15;to=/TEI[1]/text[1]/body[1]/div[1]/div[1]/l[15]::24","PERSON","","","","","","","","https://en.wikipedia.org/wiki/Peleus","","",""
"e71cda8b-2e22-4df9-bbbf-de7448b6ccfa","cts-import.tei.xml","Ἀχιλῆος","from=/TEI[1]/text[1]/body[1]/div[1]/div[1]/l[15]::25;to=/TEI[1]/text[1]/body[1]/div[1]/div[1]/l[15]::32","PERSON","","","","","","","","https://en.wikipedia.org/wiki/Achilles","","",""
"9e50a2d8-0b45-4ca8-ad36-b695aa52ced5","cts-import.tei.xml","Πατροκλῆος","from=/TEI[1]/text[1]/body[1]/div[1]/div[1]/l[16]::4;to=/TEI[1]/text[1]/body[1]/div[1]/div[1]/l[16]::14","PERSON","","","","","","","","https://en.wikipedia.org/wiki/Patroclus","","",""
"2f4fcc15-cc82-4f22-8a86-92dfda683a36","cts-import.tei.xml","Ἀντιλόχοιο","from=/TEI[1]/text[1]/body[1]/div[1]/div[1]/l[16]::28;to=/TEI[1]/text[1]/body[1]/div[1]/div[1]/l[16]::38","PERSON","","","","","","","","https://en.wikipedia.org/wiki/Antilochus","","",""
"0bd109b0-d286-454c-8aaf-f2ad7ba82995","cts-import.tei.xml","Αἴαντός","from=/TEI[1]/text[1]/body[1]/div[1]/div[1]/l[17]::0;to=/TEI[1]/text[1]/body[1]/div[1]/div[1]/l[17]::7","PERSON","","","","","","","","https://en.wikipedia.org/wiki/Ajax_the_Great","","",""
"2f05a256-cf47-467c-8262-ccfc5a30a528","cts-import.tei.xml","Δαναῶν","from=/TEI[1]/text[1]/body[1]/div[1]/div[1]/l[18]::10;to=/TEI[1]/text[1]/body[1]/div[1]/div[1]/l[18]::16","PLACE","http://pleiades.stoa.org/places/570106","Argos|Argos, Argos","-0750/0300","37.631561","22.719464","settlement","VERIFIED","","","",""
"7b5ffa92-9147-424d-b34f-206c5e96a7a7","cts-import.tei.xml","Πηλεΐδαο","from=/TEI[1]/text[1]/body[1]/div[1]/div[1]/l[18]::30;to=/TEI[1]/text[1]/body[1]/div[1]/div[1]/l[18]::38","PERSON","","","","","","","","https://en.wikipedia.org/wiki/Peleus","","",""
"6df6f759-1ce5-4603-9bf4-c86373b1c5e0","cts-import.tei.xml","Ἀγαμέμνονος","from=/TEI[1]/text[1]/body[1]/div[1]/div[1]/l[20]::15;to=/TEI[1]/text[1]/body[1]/div[1]/div[1]/l[20]::26","PERSON","","","","","","","","https://en.wikipedia.org/wiki/Agamemnon","","",""
"c16d0280-132c-44d2-b8b6-805436f9d336","cts-import.tei.xml","Ἀτρεΐδαο","from=/TEI[1]/text[1]/body[1]/div[1]/div[1]/l[20]::27;to=/TEI[1]/text[1]/body[1]/div[1]/div[1]/l[20]::35","PERSON","","","","","","","","https://en.wikipedia.org/wiki/Atreus","","",""
"37bfbfba-3c10-420b-86a1-effd89435d0b","cts-import.tei.xml","Αἰγίσθοιο","from=/TEI[1]/text[1]/body[1]/div[1]/div[1]/l[22]::8;to=/TEI[1]/text[1]/body[1]/div[1]/div[1]/l[22]::17","PERSON","","","","","","","","https://en.wikipedia.org/wiki/Aegisthus","","",""
"be32de28-09d8-4a9d-b5fd-3d310eaaede3","cts-import.tei.xml","Πηλεΐωνος","from=/TEI[1]/text[1]/body[1]/div[1]/div[1]/l[23]::28;to=/TEI[1]/text[1]/body[1]/div[1]/div[1]/l[23]::37","PERSON","","","","","","","","https://en.wikipedia.org/wiki/Peleus","","",""
"3fee084a-a7a1-46ab-8123-27be478a6e2f","cts-import.tei.xml","Ἀτρεΐδη","from=/TEI[1]/text[1]/body[1]/div[1]/div[1]/q[1]/l[1]::0;to=/TEI[1]/text[1]/body[1]/div[1]/div[1]/q[1]/l[1]::7","PERSON","","","","","","","","https://en.wikipedia.org/wiki/Atreus","","",""
"6e6a3a07-c5d6-409b-9b50-f22ee0fb170f","cts-import.tei.xml","Διὶ","from=/TEI[1]/text[1]/body[1]/div[1]/div[1]/q[1]/l[1]::28;to=/TEI[1]/text[1]/body[1]/div[1]/div[1]/q[1]/l[1]::31","PERSON","","","","","","","","https://en.wikipedia.org/wiki/Zeus","","",""
"db124cfc-1836-490e-9c61-754344bf4ebe","cts-import.tei.xml","Τρώων","from=/TEI[1]/text[1]/body[1]/div[1]/div[1]/q[1]/l[4]::9;to=/TEI[1]/text[1]/body[1]/div[1]/div[1]/q[1]/l[4]::14","PLACE","http://pleiades.stoa.org/places/550595","Ilium/Troia|Ilium/Troia, Hisarlık","-0750/2100","39.9577","26.23873","settlement","VERIFIED","","","",""
"a5bc3160-ccd2-4c20-bd02-9e4ebda0b8a3","cts-import.tei.xml","Ἀχαιοί","from=/TEI[1]/text[1]/body[1]/div[1]/div[1]/q[1]/l[4]::35;to=/TEI[1]/text[1]/body[1]/div[1]/div[1]/q[1]/l[4]::41","PLACE","http://pleiades.stoa.org/places/570028","Achaea/Achaia (region)","-0750/0300","38.102121472776034","22.224585911364017","region","VERIFIED","","","",""
"8b3d6286-29f2-4743-89ad-3a0278636b87","cts-import.tei.xml","Τρώων","from=/TEI[1]/text[1]/body[1]/div[1]/div[1]/q[1]/l[8]::9;to=/TEI[1]/text[1]/body[1]/div[1]/div[1]/q[1]/l[8]::14","PLACE","http://pleiades.stoa.org/places/550595","Ilium/Troia|Ilium/Troia, Hisarlık","-0750/2100","39.9577","26.23873","settlement","VERIFIED","","","",""
"4e9ebd03-3c52-49c5-926f-8ac10fbafa86","cts-import.tei.xml","Παναχαιοί","from=/TEI[1]/text[1]/body[1]/div[1]/div[1]/q[1]/l[9]::31;to=/TEI[1]/text[1]/body[1]/div[1]/div[1]/q[1]/l[9]::40","PLACE","http://pleiades.stoa.org/places/570028","Achaea/Achaia (region)","-0750/0300","38.102121472776034","22.224585911364017","region","VERIFIED","","","",""
"6a68b2d3-5dc4-48dc-8750-03dfa1505963","cts-import.tei.xml","Ἀτρείδαο","from=/TEI[1]/text[1]/body[1]/div[1]/div[1]/l[24]::29;to=/TEI[1]/text[1]/body[1]/div[1]/div[1]/l[24]::37","PERSON","","","","","","","","https://en.wikipedia.org/wiki/Atreus","","",""
"5b10b453-233f-41ca-ba30-f3d9ac65e86b","cts-import.tei.xml","Πηλέος","from=/TEI[1]/text[1]/body[1]/div[1]/div[1]/q[2]/l[1]::6;to=/TEI[1]/text[1]/body[1]/div[1]/div[1]/q[2]/l[1]::12","PERSON","","","","","","","","https://en.wikipedia.org/wiki/Peleus","","",""
"3c6e0750-e3f2-490d-b40d-865633772f60","cts-import.tei.xml","Ἀχιλλεῦ","from=/TEI[1]/text[1]/body[1]/div[1]/div[1]/q[2]/l[1]::34;to=/TEI[1]/text[1]/body[1]/div[1]/div[1]/q[2]/l[1]::41","PERSON","","","","","","","","https://en.wikipedia.org/wiki/Achilles","","",""
"8ad9b80d-eb9b-4e05-bbdd-6d92188bf9d3","cts-import.tei.xml","Τροίῃ","from=/TEI[1]/text[1]/body[1]/div[1]/div[1]/q[2]/l[2]::12;to=/TEI[1]/text[1]/body[1]/div[1]/div[1]/q[2]/l[2]::17","PLACE","http://pleiades.stoa.org/places/550595","Ilium/Troia|Ilium/Troia, Hisarlık","-0750/2100","39.9577","26.23873","settlement","VERIFIED","","","",""
"369bad8f-c077-4308-b871-0f46ca21c012","cts-import.tei.xml","Ἄργεος","from=/TEI[1]/text[1]/body[1]/div[1]/div[1]/q[2]/l[2]::23;to=/TEI[1]/text[1]/body[1]/div[1]/div[1]/q[2]/l[2]::29","PLACE","http://pleiades.stoa.org/places/570106","Argos|Argos, Argos","-0750/0300","37.631561","22.719464","settlement","VERIFIED","","","",""
"0e3b96ae-a845-4748-b786-204c0af13d78","cts-import.tei.xml","Τρώων","from=/TEI[1]/text[1]/body[1]/div[1]/div[1]/q[2]/l[3]::10;to=/TEI[1]/text[1]/body[1]/div[1]/div[1]/q[2]/l[3]::15","PLACE","http://pleiades.stoa.org/places/550595","Ilium/Troia|Ilium/Troia, Hisarlık","-0750/2100","39.9577","26.23873","settlement","VERIFIED","","","",""
"d6227a82-118c-4ee6-ab93-d1218e7ec49f","cts-import.tei.xml","Ἀχαιῶν","from=/TEI[1]/text[1]/body[1]/div[1]/div[1]/q[2]/l[3]::20;to=/TEI[1]/text[1]/body[1]/div[1]/div[1]/q[2]/l[3]::26","PLACE","http://pleiades.stoa.org/places/570028","Achaea/Achaia (region)","-0750/0300","38.102121472776034","22.224585911364017","region","VERIFIED","","","",""
"e73ca554-2a2d-4b10-bd08-97e74c0a54d7","cts-import.tei.xml","Ζεὺς","from=/TEI[1]/text[1]/body[1]/div[1]/div[1]/q[2]/l[7]::26;to=/TEI[1]/text[1]/body[1]/div[1]/div[1]/q[2]/l[7]::30","PERSON","","","","","","","","https://en.wikipedia.org/wiki/Zeus","","",""
"0b2dfa43-c6ee-454c-8de8-634e7f34ad4f","cts-import.tei.xml","Δαναοὶ","from=/TEI[1]/text[1]/body[1]/div[1]/div[1]/q[2]/l[11]::18;to=/TEI[1]/text[1]/body[1]/div[1]/div[1]/q[2]/l[11]::24","PLACE","http://pleiades.stoa.org/places/570106","Argos|Argos, Argos","-0750/0300","37.631561","22.719464","settlement","VERIFIED","","","",""
"27196c23-cb7f-4757-a703-a47adfce0ecc","cts-import.tei.xml","Ἀχαιούς","from=/TEI[1]/text[1]/body[1]/div[1]/div[1]/q[2]/l[14]::38;to=/TEI[1]/text[1]/body[1]/div[1]/div[1]/q[2]/l[14]::45","PLACE","http://pleiades.stoa.org/places/570028","Achaea/Achaia (region)","-0750/0300","38.102121472776034","22.224585911364017","region","VERIFIED","","","",""
"04e0fbce-40ce-48bb-b4df-7fa5c60e4423","cts-import.tei.xml","Νέστωρ","from=/TEI[1]/text[1]/body[1]/div[1]/div[1]/q[2]/l[17]::0;to=/TEI[1]/text[1]/body[1]/div[1]/div[1]/q[2]/l[17]::6","PERSON","","","","","","","","https://en.wikipedia.org/wiki/Nestor_(mythology)","","",""
"e4bca2c6-e8c7-4d99-b03a-5c1de7694ee4","cts-import.tei.xml","Ἀργεῖοι","from=/TEI[1]/text[1]/body[1]/div[1]/div[1]/q[2]/q[1]/l[1]::9;to=/TEI[1]/text[1]/body[1]/div[1]/div[1]/q[2]/q[1]/l[1]::16","PLACE","http://pleiades.stoa.org/places/570106","Argos|Argos, Argos","-0750/0300","37.631561","22.719464","settlement","VERIFIED","","","",""
"5bb539c2-df9b-4b5d-902e-070232d48764","cts-import.tei.xml","Ἀχαιῶν","from=/TEI[1]/text[1]/body[1]/div[1]/div[1]/q[2]/q[1]/l[1]::61;to=/TEI[1]/text[1]/body[1]/div[1]/div[1]/q[2]/q[1]/l[1]::67","PLACE","http://pleiades.stoa.org/places/570028","Achaea/Achaia (region)","-0750/0300","38.102121472776034","22.224585911364017","region","VERIFIED","","","",""
"9e8b8d4b-a65a-47af-818a-3f5996e70f5c","cts-import.tei.xml","Ἀχαιοί","from=/TEI[1]/text[1]/body[1]/div[1]/div[1]/q[2]/l[19]::61;to=/TEI[1]/text[1]/body[1]/div[1]/div[1]/q[2]/l[19]::67","PLACE","http://pleiades.stoa.org/places/570028","Achaea/Achaia (region)","-0750/0300","38.102121472776034","22.224585911364017","region","VERIFIED","","","",""
"4b6b5cf5-699e-4411-bc40-0d047c203f08","cts-import.tei.xml","Μοῦσαι","from=/TEI[1]/text[1]/body[1]/div[1]/div[1]/q[2]/l[22]::0;to=/TEI[1]/text[1]/body[1]/div[1]/div[1]/q[2]/l[22]::6","PERSON","","","","","","","","https://en.wikipedia.org/wiki/Muses","","",""
"ef7ded16-487e-4978-8afb-47fe957281a9","cts-import.tei.xml","Ἀργείων","from=/TEI[1]/text[1]/body[1]/div[1]/div[1]/q[2]/l[24]::0;to=/TEI[1]/text[1]/body[1]/div[1]/div[1]/q[2]/l[24]::7","PLACE","http://pleiades.stoa.org/places/570106","Argos|Argos, Argos","-0750/0300","37.631561","22.719464","settlement","VERIFIED","","","",""
"2e0b1c38-fa18-494f-a27b-931c2991b84e","cts-import.tei.xml","Μοῦσα","from=/TEI[1]/text[1]/body[1]/div[1]/div[1]/q[2]/l[24]::27;to=/TEI[1]/text[1]/body[1]/div[1]/div[1]/q[2]/l[24]::32","PERSON","","","","","","","","https://en.wikipedia.org/wiki/Muses","","",""
"fe8a7082-fa13-43f4-811a-ae03af9f407b","cts-import.tei.xml","Ἀχαιοὶ","from=/TEI[1]/text[1]/body[1]/div[1]/div[1]/q[2]/l[30]::36;to=/TEI[1]/text[1]/body[1]/div[1]/div[1]/q[2]/l[30]::42","PLACE","http://pleiades.stoa.org/places/570028","Achaea/Achaia (region)","-0750/0300","38.102121472776034","22.224585911364017","region","VERIFIED","","","",""
"ed6e01d1-4f7d-4424-b9a5-9c4f9300b411","cts-import.tei.xml","Ἡφαίστοιο","from=/TEI[1]/text[1]/body[1]/div[1]/div[1]/q[2]/l[33]::29;to=/TEI[1]/text[1]/body[1]/div[1]/div[1]/q[2]/l[33]::38","PERSON","","","","","","","","https://en.wikipedia.org/wiki/Hephaestus","","",""
"ecfa3795-eff1-43f2-a6b7-b0de4c218712","cts-import.tei.xml","Ἀχιλλεῦ","from=/TEI[1]/text[1]/body[1]/div[1]/div[1]/q[2]/l[34]::34;to=/TEI[1]/text[1]/body[1]/div[1]/div[1]/q[2]/l[34]::41","PERSON","","","","","","","","https://en.wikipedia.org/wiki/Achilles","","",""
"4949ab1a-c21d-444b-a3d3-eab8311b5563","cts-import.tei.xml","Διωνύσοιο","from=/TEI[1]/text[1]/body[1]/div[1]/div[1]/q[2]/l[36]::19;to=/TEI[1]/text[1]/body[1]/div[1]/div[1]/q[2]/l[36]::28","PERSON","","","","","","","","https://en.wikipedia.org/wiki/Dionysus","","",""
"2ead4910-85ed-4d72-a067-96f8e096410a","cts-import.tei.xml","Ἡφαίστοιο","from=/TEI[1]/text[1]/body[1]/div[1]/div[1]/q[2]/l[37]::34;to=/TEI[1]/text[1]/body[1]/div[1]/div[1]/q[2]/l[37]::43","PERSON","","","","","","","","https://en.wikipedia.org/wiki/Hephaestus","","",""
"2bf15464-3c6e-4a7e-bf4e-96da76412db8","cts-import.tei.xml","Ἀχιλλεῦ","from=/TEI[1]/text[1]/body[1]/div[1]/div[1]/q[2]/l[38]::38;to=/TEI[1]/text[1]/body[1]/div[1]/div[1]/q[2]/l[38]::45","PERSON","","","","","","","","https://en.wikipedia.org/wiki/Achilles","","",""
"d4c85bf5-8664-4678-9232-5d0fa1b7a3c2","cts-import.tei.xml","Πατρόκλοιο","from=/TEI[1]/text[1]/body[1]/div[1]/div[1]/q[2]/l[39]::9;to=/TEI[1]/text[1]/body[1]/div[1]/div[1]/q[2]/l[39]::19","PERSON","","","","","","","","https://en.wikipedia.org/wiki/Patroclus","","",""
"6681d5ab-a791-4595-af3d-2ac784b0dae5","cts-import.tei.xml","Ἀντιλόχοιο","from=/TEI[1]/text[1]/body[1]/div[1]/div[1]/q[2]/l[40]::9;to=/TEI[1]/text[1]/body[1]/div[1]/div[1]/q[2]/l[40]::19","PERSON","","","","","","","","https://en.wikipedia.org/wiki/Antilochus","","",""
"df7dd285-5e2f-4778-970e-d0d6cc2a7f80","cts-import.tei.xml","Πάτροκλόν","from=/TEI[1]/text[1]/body[1]/div[1]/div[1]/q[2]/l[41]::23;to=/TEI[1]/text[1]/body[1]/div[1]/div[1]/q[2]/l[41]::32","PERSON","","","","","","","","https://en.wikipedia.org/wiki/Patroclus","","",""
"3d88426e-79ab-416c-815c-1a4b7b75c353","cts-import.tei.xml","Ἀργείων","from=/TEI[1]/text[1]/body[1]/div[1]/div[1]/q[2]/l[43]::8;to=/TEI[1]/text[1]/body[1]/div[1]/div[1]/q[2]/l[43]::15","PLACE","http://pleiades.stoa.org/places/570106","Argos|Argos, Argos","-0750/0300","37.631561","22.719464","settlement","VERIFIED","","","",""
"9a63aab2-8ae3-4d64-abc5-515235bd1878","cts-import.tei.xml","Ἑλλησπόντῳ","from=/TEI[1]/text[1]/body[1]/div[1]/div[1]/q[2]/l[44]::31;to=/TEI[1]/text[1]/body[1]/div[1]/div[1]/q[2]/l[44]::41","PLACE","http://geo-kima.org/place/3584","Dardanelles Strait (Turkey)","","","","","VERIFIED","","","",""
"9475ffa0-60f6-429c-86fd-c3e4ad1a0473","cts-import.tei.xml","Ἀχαιῶν","from=/TEI[1]/text[1]/body[1]/div[1]/div[1]/q[2]/l[48]::31;to=/TEI[1]/text[1]/body[1]/div[1]/div[1]/q[2]/l[48]::37","PLACE","http://pleiades.stoa.org/places/570028","Achaea/Achaia (region)","-0750/0300","38.102121472776034","22.224585911364017","region","VERIFIED","","","",""
"9435ad92-3d1d-4ca3-806e-0b6d72fe2b51","cts-import.tei.xml","Θέτις","from=/TEI[1]/text[1]/body[1]/div[1]/div[1]/q[2]/l[54]::11;to=/TEI[1]/text[1]/body[1]/div[1]/div[1]/q[2]/l[54]::16","PERSON","","","","","","","","https://en.wikipedia.org/wiki/Thetis","","",""
"4be853a2-bc73-4df7-aa7e-17ba9ba5dca8","cts-import.tei.xml","Ἀχιλλεῦ","from=/TEI[1]/text[1]/body[1]/div[1]/div[1]/q[2]/l[56]::43;to=/TEI[1]/text[1]/body[1]/div[1]/div[1]/q[2]/l[56]::50","PERSON","","","","","","","","https://en.wikipedia.org/wiki/Achilles","","",""
"9af5994a-d525-4d75-8c85-1e9ff99fd6b2","cts-import.tei.xml","Ζεὺς","from=/TEI[1]/text[1]/body[1]/div[1]/div[1]/q[2]/l[58]::17;to=/TEI[1]/text[1]/body[1]/div[1]/div[1]/q[2]/l[58]::21","PERSON","","","","","","","","https://en.wikipedia.org/wiki/Zeus","","",""
"9ba22acd-b317-4926-9886-30dde7d6efd4","cts-import.tei.xml","Αἰγίσθου","from=/TEI[1]/text[1]/body[1]/div[1]/div[1]/q[2]/l[59]::0;to=/TEI[1]/text[1]/body[1]/div[1]/div[1]/q[2]/l[59]::8","PERSON","","","","","","","","https://en.wikipedia.org/wiki/Aegisthus","","",""
"9d164b75-7d2b-43be-9213-5fc7c2346a69","cts-import.tei.xml","Ὀδυσῆϊ","from=/TEI[1]/text[1]/body[1]/div[1]/div[1]/l[27]::24;to=/TEI[1]/text[1]/body[1]/div[1]/div[1]/l[27]::30","PERSON","","","","","","","","https://en.wikipedia.org/wiki/Odysseus","","",""
"a362a90f-b11e-46c5-91dc-199063235d53","cts-import.tei.xml","Ἀγαμέμνονος","from=/TEI[1]/text[1]/body[1]/div[1]/div[1]/l[29]::13;to=/TEI[1]/text[1]/body[1]/div[1]/div[1]/l[29]::24","PERSON","","","","","","","","https://en.wikipedia.org/wiki/Agamemnon","","",""
"785f1fed-de82-4683-a0ac-99f5cdec77cc","cts-import.tei.xml","Ἀτρεΐδαο","from=/TEI[1]/text[1]/body[1]/div[1]/div[1]/l[29]::25;to=/TEI[1]/text[1]/body[1]/div[1]/div[1]/l[29]::33","PERSON","","","","","","","","https://en.wikipedia.org/wiki/Atreus","","",""
"48db990b-a683-4fb3-aff5-5497f90c88cf","cts-import.tei.xml","Ἀμφιμέδοντα","from=/TEI[1]/text[1]/body[1]/div[1]/div[1]/l[30]::32;to=/TEI[1]/text[1]/body[1]/div[1]/div[1]/l[30]::43","PERSON","","","","","","","","https://en.wikipedia.org/wiki/Amphimedon","","",""
"d528bef9-0291-4ae7-adec-f021103f6d9b","cts-import.tei.xml","Ἰθάκῃ","from=/TEI[1]/text[1]/body[1]/div[1]/div[1]/l[31]::18;to=/TEI[1]/text[1]/body[1]/div[1]/div[1]/l[31]::23","PLACE","http://pleiades.stoa.org/places/530906","Ithaca Ins.|Ithaca|Ithaca, Ithaca|Ithaca Ins., Ithaca","-0750/0640","38.44193","20.638399","island,settlement","VERIFIED","","","",""
"e4ba9342-c741-4317-a381-8b456236ed21","cts-import.tei.xml","Ἀτρεΐδαο","from=/TEI[1]/text[1]/body[1]/div[1]/div[1]/l[32]::29;to=/TEI[1]/text[1]/body[1]/div[1]/div[1]/l[32]::37","PERSON","","","","","","","","https://en.wikipedia.org/wiki/Atreus","","",""
"2955e14f-a75d-4566-b0cc-870412406304","cts-import.tei.xml","Ἀμφίμεδον","from=/TEI[1]/text[1]/body[1]/div[1]/div[1]/q[3]/l[1]::0;to=/TEI[1]/text[1]/body[1]/div[1]/div[1]/q[3]/l[1]::9","PERSON","","","","","","","","https://en.wikipedia.org/wiki/Amphimedon","","",""
"0c37b9f3-1de6-4815-b5e6-a9d6ef08a658","cts-import.tei.xml","Ποσειδάων","from=/TEI[1]/text[1]/body[1]/div[1]/div[1]/q[3]/l[4]::17;to=/TEI[1]/text[1]/body[1]/div[1]/div[1]/q[3]/l[4]::26","PERSON","","","","","","","","https://en.wikipedia.org/wiki/Poseidon","","",""
"84aa0552-21d2-418b-9820-7a39cb60af57","cts-import.tei.xml","Ὀδυσῆα","from=/TEI[1]/text[1]/body[1]/div[1]/div[1]/q[3]/l[11]::9;to=/TEI[1]/text[1]/body[1]/div[1]/div[1]/q[3]/l[11]::15","PERSON","","","","","","","","https://en.wikipedia.org/wiki/Odysseus","","",""
"5a53f82d-6fa0-4e2d-b697-49c594639460","cts-import.tei.xml","Μενελάῳ","from=/TEI[1]/text[1]/body[1]/div[1]/div[1]/q[3]/l[11]::28;to=/TEI[1]/text[1]/body[1]/div[1]/div[1]/q[3]/l[11]::35","PERSON","","","","","","","","https://en.wikipedia.org/wiki/Menelaus","","",""
"fab188c7-2573-41ce-8687-1bae4c59d888","cts-import.tei.xml","Ἴλιον","from=/TEI[1]/text[1]/body[1]/div[1]/div[1]/q[3]/l[12]::0;to=/TEI[1]/text[1]/body[1]/div[1]/div[1]/q[3]/l[12]::5","PLACE","http://pleiades.stoa.org/places/550595","Ilium/Troia|Ilium/Troia, Hisarlık","-0750/2100","39.9577","26.23873","settlement","VERIFIED","","","",""
"fbc08224-cd6c-4bcb-a3ee-2da42b1d206d","cts-import.tei.xml","Ὀδυσσῆα","from=/TEI[1]/text[1]/body[1]/div[1]/div[1]/q[3]/l[14]::21;to=/TEI[1]/text[1]/body[1]/div[1]/div[1]/q[3]/l[14]::28","PERSON","","","","","","","","https://en.wikipedia.org/wiki/Odysseus","","",""
"5136ece4-0e16-4315-8dad-8a5bd0b368f1","cts-import.tei.xml","Ἀμφιμέδοντος","from=/TEI[1]/text[1]/body[1]/div[1]/div[1]/l[33]::29;to=/TEI[1]/text[1]/body[1]/div[1]/div[1]/l[33]::41","PERSON","","","","","","","","https://en.wikipedia.org/wiki/Amphimedon","","",""
"6956efaf-2e43-4673-94f7-1b3525714365","cts-import.tei.xml","Ἀτρεΐδη","from=/TEI[1]/text[1]/body[1]/div[1]/div[1]/q[4]/l[1]::0;to=/TEI[1]/text[1]/body[1]/div[1]/div[1]/q[4]/l[1]::7","PERSON","","","","","","","","https://en.wikipedia.org/wiki/Atreus","","",""
"044faaec-a915-42f1-8d13-0adb8cea72ff","cts-import.tei.xml","Ἀγάμεμνον","from=/TEI[1]/text[1]/body[1]/div[1]/div[1]/q[4]/l[1]::29;to=/TEI[1]/text[1]/body[1]/div[1]/div[1]/q[4]/l[1]::38","PERSON","","","","","","","","https://en.wikipedia.org/wiki/Agamemnon","","",""
"93427640-60d3-494e-b57d-d13cdf01bc09","cts-import.tei.xml","Ὀδυσσῆος","from=/TEI[1]/text[1]/body[1]/div[1]/div[1]/q[4]/l[5]::8;to=/TEI[1]/text[1]/body[1]/div[1]/div[1]/q[4]/l[5]::16","PERSON","","","","","","","","https://en.wikipedia.org/wiki/Odysseus","","",""
"d2db3b03-614e-4510-ae8e-92325032d847","cts-import.tei.xml","Ὀδυσσεύς","from=/TEI[1]/text[1]/body[1]/div[1]/div[1]/q[4]/q[1]/l[1]::62;to=/TEI[1]/text[1]/body[1]/div[1]/div[1]/q[4]/q[1]/l[1]::70","PERSON","","","","","","","","https://en.wikipedia.org/wiki/Odysseus","","",""
"d76e274d-36b5-4a68-ab96-c847bb121cf3","cts-import.tei.xml","Λαέρτῃ","from=/TEI[1]/text[1]/body[1]/div[1]/div[1]/q[4]/q[1]/l[4]::0;to=/TEI[1]/text[1]/body[1]/div[1]/div[1]/q[4]/q[1]/l[4]::6","PERSON","","","","","","","","https://en.wikipedia.org/wiki/Laertes","","",""
"4993c98d-a017-4dac-97d8-1c472c559755","cts-import.tei.xml","Ἀχαιϊάδων","from=/TEI[1]/text[1]/body[1]/div[1]/div[1]/q[4]/q[1]/l[6]::22;to=/TEI[1]/text[1]/body[1]/div[1]/div[1]/q[4]/q[1]/l[6]::31","PLACE","http://pleiades.stoa.org/places/570028","Achaea/Achaia (region)","-0750/0300","38.102121472776034","22.224585911364017","region","VERIFIED","","","",""
"f031ef5a-2719-409e-8f34-17f14e500382","cts-import.tei.xml","Ἀχαιούς","from=/TEI[1]/text[1]/body[1]/div[1]/div[1]/q[4]/l[14]::38;to=/TEI[1]/text[1]/body[1]/div[1]/div[1]/q[4]/l[14]::45","PLACE","http://pleiades.stoa.org/places/570028","Achaea/Achaia (region)","-0750/0300","38.102121472776034","22.224585911364017","region","VERIFIED","","","",""
"947603b7-4088-4fcc-abf6-0034e34397f0","cts-import.tei.xml","Ὀδυσῆα","from=/TEI[1]/text[1]/body[1]/div[1]/div[1]/q[4]/l[22]::15;to=/TEI[1]/text[1]/body[1]/div[1]/div[1]/q[4]/l[22]::21","PERSON","","","","","","","","https://en.wikipedia.org/wiki/Odysseus","","",""
"46e7c88d-832f-42b8-bcde-6c3767a179a8","cts-import.tei.xml","Ὀδυσσῆος","from=/TEI[1]/text[1]/body[1]/div[1]/div[1]/q[4]/l[24]::22;to=/TEI[1]/text[1]/body[1]/div[1]/div[1]/q[4]/l[24]::30","PERSON","","","","","","","","https://en.wikipedia.org/wiki/Odysseus","","",""
"7afcf235-925c-42b4-92d1-b16febecf538","cts-import.tei.xml","Πύλου","from=/TEI[1]/text[1]/body[1]/div[1]/div[1]/q[4]/l[25]::3;to=/TEI[1]/text[1]/body[1]/div[1]/div[1]/q[4]/l[25]::8","PLACE","http://pleiades.stoa.org/places/570640","Pylos/Koryphasion|Pylos/Koryphasion, Pylos","-0750/0640","36.91198","21.69583","settlement","VERIFIED","","","",""
"23808f63-cb84-44dd-866c-fa0079fc90e5","cts-import.tei.xml","Ὀδυσσεὺς","from=/TEI[1]/text[1]/body[1]/div[1]/div[1]/q[4]/l[27]::36;to=/TEI[1]/text[1]/body[1]/div[1]/div[1]/q[4]/l[27]::44","PERSON","","","","","","","","https://en.wikipedia.org/wiki/Odysseus","","",""
"7e849f15-3a24-420c-a1ed-0e30305efeab","cts-import.tei.xml","Τηλέμαχος","from=/TEI[1]/text[1]/body[1]/div[1]/div[1]/q[4]/l[28]::15;to=/TEI[1]/text[1]/body[1]/div[1]/div[1]/q[4]/l[28]::24","PERSON","","","","","","","","https://en.wikipedia.org/wiki/Telemachus","","",""
"31131ec7-b7e2-43b5-a038-00fdfb80434b","cts-import.tei.xml","Διὸς","from=/TEI[1]/text[1]/body[1]/div[1]/div[1]/q[4]/l[37]::23;to=/TEI[1]/text[1]/body[1]/div[1]/div[1]/q[4]/l[37]::27","PERSON","","","","","","","","https://en.wikipedia.org/wiki/Zeus","","",""
"d9d21296-02e0-4fed-88db-aa761b3ef4e2","cts-import.tei.xml","Τηλεμάχῳ","from=/TEI[1]/text[1]/body[1]/div[1]/div[1]/q[4]/l[38]::8;to=/TEI[1]/text[1]/body[1]/div[1]/div[1]/q[4]/l[38]::16","PERSON","","","","","","","","https://en.wikipedia.org/wiki/Telemachus","","",""
"1e6cb942-451c-42e9-afec-68d983107271","cts-import.tei.xml","Ὀδυσσῆος","from=/TEI[1]/text[1]/body[1]/div[1]/div[1]/q[4]/l[45]::23;to=/TEI[1]/text[1]/body[1]/div[1]/div[1]/q[4]/l[45]::31","PERSON","","","","","","","","https://en.wikipedia.org/wiki/Odysseus","","",""
"292def94-d4a8-4b2d-a2c0-baee368aa6bc","cts-import.tei.xml","Τηλέμαχος","from=/TEI[1]/text[1]/body[1]/div[1]/div[1]/q[4]/l[48]::0;to=/TEI[1]/text[1]/body[1]/div[1]/div[1]/q[4]/l[48]::9","PERSON","","","","","","","","https://en.wikipedia.org/wiki/Telemachus","","",""
"5ba25d0b-59be-42cd-9ca4-1cde79e8787b","cts-import.tei.xml","Ὀδυσσεύς","from=/TEI[1]/text[1]/body[1]/div[1]/div[1]/q[4]/l[49]::35;to=/TEI[1]/text[1]/body[1]/div[1]/div[1]/q[4]/l[49]::43","PERSON","","","","","","","","https://en.wikipedia.org/wiki/Odysseus","","",""
"15e68c02-5639-4f9d-960a-e431cfb39449","cts-import.tei.xml","Ἀντίνοον","from=/TEI[1]/text[1]/body[1]/div[1]/div[1]/q[4]/l[52]::26;to=/TEI[1]/text[1]/body[1]/div[1]/div[1]/q[4]/l[52]::34","PERSON","","","","","","","","https://en.wikipedia.org/wiki/Antinous","","",""
"4d47fb2b-6790-4e0d-b957-21923d0c5a6b","cts-import.tei.xml","Ἀγάμεμνον","from=/TEI[1]/text[1]/body[1]/div[1]/div[1]/q[4]/l[59]::10;to=/TEI[1]/text[1]/body[1]/div[1]/div[1]/q[4]/l[59]::19","PERSON","","","","","","","","https://en.wikipedia.org/wiki/Agamemnon","","",""
"fd482cf4-7ebd-414d-b8fb-d9bd688b2133","cts-import.tei.xml","Ὀδυσῆος","from=/TEI[1]/text[1]/body[1]/div[1]/div[1]/q[4]/l[60]::34;to=/TEI[1]/text[1]/body[1]/div[1]/div[1]/q[4]/l[60]::41","PERSON","","","","","","","","https://en.wikipedia.org/wiki/Odysseus","","",""
"26d6fcc0-37f5-49f5-a8e6-38d9017ea1ee","cts-import.tei.xml","Ἀτρεΐδαο","from=/TEI[1]/text[1]/body[1]/div[1]/div[1]/l[34]::29;to=/TEI[1]/text[1]/body[1]/div[1]/div[1]/l[34]::37","PERSON","","","","","","","","https://en.wikipedia.org/wiki/Atreus","","",""
"426a637f-d876-4e30-9c1a-50f76a6140f2","cts-import.tei.xml","Λαέρταο","from=/TEI[1]/text[1]/body[1]/div[1]/div[1]/q[5]/l[1]::6;to=/TEI[1]/text[1]/body[1]/div[1]/div[1]/q[5]/l[1]::13","PERSON","","","","","","","","https://en.wikipedia.org/wiki/Laertes","","",""
"099b2189-c6aa-4580-8b1b-92cee60d714d","cts-import.tei.xml","Ὀδυσσεῦ","from=/TEI[1]/text[1]/body[1]/div[1]/div[1]/q[5]/l[1]::30;to=/TEI[1]/text[1]/body[1]/div[1]/div[1]/q[5]/l[1]::37","PERSON","","","","","","","","https://en.wikipedia.org/wiki/Odysseus","","",""
"64f6f68a-38b2-43f3-bd77-3a1190cd17c5","cts-import.tei.xml","Πηνελοπείῃ","from=/TEI[1]/text[1]/body[1]/div[1]/div[1]/q[5]/l[3]::30;to=/TEI[1]/text[1]/body[1]/div[1]/div[1]/q[5]/l[3]::40","PERSON","","","","","","","","https://en.wikipedia.org/wiki/Penelope","","",""
"67c1983a-e6f1-4d95-aa17-eee4c9484d6f","cts-import.tei.xml","Ἰκαρίου","from=/TEI[1]/text[1]/body[1]/div[1]/div[1]/q[5]/l[4]::6;to=/TEI[1]/text[1]/body[1]/div[1]/div[1]/q[5]/l[4]::13","PERSON","","","","","","","","https://en.wikipedia.org/wiki/Icarius_(Spartan)","","",""
"b07a2b49-e165-4065-9495-96899c464d46","cts-import.tei.xml","Ὀδυσῆος","from=/TEI[1]/text[1]/body[1]/div[1]/div[1]/q[5]/l[4]::29;to=/TEI[1]/text[1]/body[1]/div[1]/div[1]/q[5]/l[4]::36","PERSON","","","","","","","","https://en.wikipedia.org/wiki/Odysseus","","",""
"a7db6890-b3eb-42c2-af06-ca4a2f2ed307","cts-import.tei.xml","Πηνελοπείῃ","from=/TEI[1]/text[1]/body[1]/div[1]/div[1]/q[5]/l[7]::28;to=/TEI[1]/text[1]/body[1]/div[1]/div[1]/q[5]/l[7]::38","PERSON","","","","","","","","https://en.wikipedia.org/wiki/Penelope","","",""
"5abb9d93-0fc2-4f12-b725-8660f2568d11","cts-import.tei.xml","Τυνδαρέου","from=/TEI[1]/text[1]/body[1]/div[1]/div[1]/q[5]/l[8]::7;to=/TEI[1]/text[1]/body[1]/div[1]/div[1]/q[5]/l[8]::16","PERSON","","","","","","","","https://en.wikipedia.org/wiki/Tyndareus","","",""
"d1d8bb98-0b47-4bfa-8f3f-ad93500c502f","cts-import.tei.xml","Ἀΐδαο","from=/TEI[1]/text[1]/body[1]/div[1]/div[1]/l[36]::12;to=/TEI[1]/text[1]/body[1]/div[1]/div[1]/l[36]::17","PERSON","","","","","","","","https://en.wikipedia.org/wiki/Hades","","",""
"93f6c329-673e-4ee8-9c0c-912741f6f675","cts-import.tei.xml","Λαέρταο","from=/TEI[1]/text[1]/body[1]/div[1]/div[1]/l[38]::6;to=/TEI[1]/text[1]/body[1]/div[1]/div[1]/l[38]::13","PERSON","","","","","","","","https://en.wikipedia.org/wiki/Laertes","","",""
"9858e5d5-8624-439b-8575-bc73f8c4d89c","cts-import.tei.xml","Λαέρτης","from=/TEI[1]/text[1]/body[1]/div[1]/div[1]/l[39]::0;to=/TEI[1]/text[1]/body[1]/div[1]/div[1]/l[39]::7","PERSON","","","","","","","","https://en.wikipedia.org/wiki/Laertes","","",""
"f6dfeeef-ff66-461c-a30d-dedc834d3299","cts-import.tei.xml","Σικελὴ","from=/TEI[1]/text[1]/body[1]/div[1]/div[1]/l[43]::11;to=/TEI[1]/text[1]/body[1]/div[1]/div[1]/l[43]::17","PLACE","http://pleiades.stoa.org/places/462492","Sicilia (island)","-0750/2100","37.53667611952188","14.08648464579389","island","VERIFIED","","","",""
"6c313db5-9ea9-48a0-aca8-3c5b384de9aa","cts-import.tei.xml","Ὀδυσεὺς","from=/TEI[1]/text[1]/body[1]/div[1]/div[1]/l[45]::5;to=/TEI[1]/text[1]/body[1]/div[1]/div[1]/l[45]::12","PERSON","","","","","","","","https://en.wikipedia.org/wiki/Odysseus","","",""
"d034207c-7213-42ec-a708-2d6cb79a5a5e","cts-import.tei.xml","Ὀδυσσεὺς","from=/TEI[1]/text[1]/body[1]/div[1]/div[1]/l[47]::39;to=/TEI[1]/text[1]/body[1]/div[1]/div[1]/l[47]::47","PERSON","","","","","","","","https://en.wikipedia.org/wiki/Odysseus","","",""
"052191a0-cc69-4c83-bc5c-9ff6b97930f6","cts-import.tei.xml","Δολίον","from=/TEI[1]/text[1]/body[1]/div[1]/div[1]/l[49]::11;to=/TEI[1]/text[1]/body[1]/div[1]/div[1]/l[49]::17","PERSON","","","","","","","","https://en.wikipedia.org/wiki/Dolius","","",""
"41bedf1e-29ed-47fd-a379-aa940a3cdcf0","cts-import.tei.xml","Ὀδυσσεὺς","from=/TEI[1]/text[1]/body[1]/div[1]/div[1]/l[59]::35;to=/TEI[1]/text[1]/body[1]/div[1]/div[1]/l[59]::43","PERSON","","","","","","","","https://en.wikipedia.org/wiki/Odysseus","","",""
"f173bbf5-0a13-460f-8846-027cf63b831b","cts-import.tei.xml","Ὀδυσσεύς","from=/TEI[1]/text[1]/body[1]/div[1]/div[1]/l[68]::32;to=/TEI[1]/text[1]/body[1]/div[1]/div[1]/l[68]::40","PERSON","","","","","","","","https://en.wikipedia.org/wiki/Odysseus","","",""
"f536da45-2c55-4064-bd23-45e5b4bfa5b8","cts-import.tei.xml","Ἰθάκην","from=/TEI[1]/text[1]/body[1]/div[1]/div[1]/q[7]/l[16]::12;to=/TEI[1]/text[1]/body[1]/div[1]/div[1]/q[7]/l[16]::18","PLACE","http://pleiades.stoa.org/places/530906","Ithaca Ins.|Ithaca|Ithaca, Ithaca|Ithaca Ins., Ithaca","-0750/0640","38.44193","20.638399","island,settlement","VERIFIED","","","",""
"6b7bf847-647e-40da-9b41-7ca80b28e3f6","cts-import.tei.xml","Ἀΐδαο","from=/TEI[1]/text[1]/body[1]/div[1]/div[1]/q[7]/l[21]::22;to=/TEI[1]/text[1]/body[1]/div[1]/div[1]/q[7]/l[21]::27","PERSON","","","","","","","","https://en.wikipedia.org/wiki/Hades","","",""
"ede082c1-8437-4bfb-82b1-730ff16eb9e5","cts-import.tei.xml","Ἰθάκης","from=/TEI[1]/text[1]/body[1]/div[1]/div[1]/q[7]/l[26]::13;to=/TEI[1]/text[1]/body[1]/div[1]/div[1]/q[7]/l[26]::19","PLACE","http://pleiades.stoa.org/places/530906","Ithaca Ins.|Ithaca|Ithaca, Ithaca|Ithaca Ins., Ithaca","-0750/0640","38.44193","20.638399","island,settlement","VERIFIED","","","",""
"0810ed37-809c-4f1f-ae0f-8526accf0d03","cts-import.tei.xml","Λαέρτην","from=/TEI[1]/text[1]/body[1]/div[1]/div[1]/q[7]/l[27]::0;to=/TEI[1]/text[1]/body[1]/div[1]/div[1]/q[7]/l[27]::7","PERSON","","","","","","","","https://en.wikipedia.org/wiki/Laertes","","",""
"09815add-f994-41d8-a6a4-1385cc5f5b3e","cts-import.tei.xml","Ἀρκεισιάδην","from=/TEI[1]/text[1]/body[1]/div[1]/div[1]/q[7]/l[27]::8;to=/TEI[1]/text[1]/body[1]/div[1]/div[1]/q[7]/l[27]::19","PERSON","","","","","","","","https://en.wikipedia.org/wiki/Arcesius","","",""
"7226d8c9-74d1-4868-8948-a9dba0ad59f6","cts-import.tei.xml","Ἰθάκης","from=/TEI[1]/text[1]/body[1]/div[1]/div[1]/q[8]/l[4]::27;to=/TEI[1]/text[1]/body[1]/div[1]/div[1]/q[8]/l[4]::33","PLACE","http://pleiades.stoa.org/places/530906","Ithaca Ins.|Ithaca|Ithaca, Ithaca|Ithaca Ins., Ithaca","-0750/0640","38.44193","20.638399","island,settlement","VERIFIED","","","",""
"a240817c-0141-4716-b7c1-d384fc8ab1aa","cts-import.tei.xml","Πηνελόπεια","from=/TEI[1]/text[1]/body[1]/div[1]/div[1]/q[8]/l[14]::31;to=/TEI[1]/text[1]/body[1]/div[1]/div[1]/q[8]/l[14]::41","PERSON","","","","","","","","https://en.wikipedia.org/wiki/Penelope","","",""
"a3f1c55a-069d-4644-b643-1a78ee507970","cts-import.tei.xml","Ὀδυσσεύς","from=/TEI[1]/text[1]/body[1]/div[1]/div[1]/l[72]::57;to=/TEI[1]/text[1]/body[1]/div[1]/div[1]/l[72]::65","PERSON","","","","","","","","https://en.wikipedia.org/wiki/Odysseus","","",""
"a272a517-db31-44ff-95aa-789b37b520da","cts-import.tei.xml","Ἀλύβαντος","from=/TEI[1]/text[1]/body[1]/div[1]/div[1]/q[9]/l[2]::12;to=/TEI[1]/text[1]/body[1]/div[1]/div[1]/q[9]/l[2]::21","PLACE","","","","","","","NOT_IDENTIFIABLE","","","",""
"febe14b6-ed75-44ab-8c41-9e81160dd971","cts-import.tei.xml","Ἀφείδαντος","from=/TEI[1]/text[1]/body[1]/div[1]/div[1]/q[9]/l[3]::5;to=/TEI[1]/text[1]/body[1]/div[1]/div[1]/q[9]/l[3]::15","PERSON","","","","","","","","https://en.wikipedia.org/wiki/Apheidas","","",""
"d6ae278d-0fbd-44b3-bda0-b858392ecb60","cts-import.tei.xml","Σικανίης","from=/TEI[1]/text[1]/body[1]/div[1]/div[1]/q[9]/l[5]::11;to=/TEI[1]/text[1]/body[1]/div[1]/div[1]/q[9]/l[5]::19","PLACE","http://pleiades.stoa.org/places/462492","Sicilia (island)","-0750/2100","37.53667611952188","14.08648464579389","island","VERIFIED","","","",""
"66854fdf-b028-4f5e-a269-d9d95a158662","cts-import.tei.xml","Ὀδυσσῆϊ","from=/TEI[1]/text[1]/body[1]/div[1]/div[1]/q[9]/l[7]::6;to=/TEI[1]/text[1]/body[1]/div[1]/div[1]/q[9]/l[7]::13","PERSON","","","","","","","","https://en.wikipedia.org/wiki/Odysseus","","",""
"7a828fae-d988-4769-a1aa-da5e96505f52","cts-import.tei.xml","Λαέρτης","from=/TEI[1]/text[1]/body[1]/div[1]/div[1]/l[79]::10;to=/TEI[1]/text[1]/body[1]/div[1]/div[1]/l[79]::17","PERSON","","","","","","","","https://en.wikipedia.org/wiki/Laertes","","",""
"c9a2df80-f511-4bd2-a882-acc4ee026cbe","cts-import.tei.xml","Ὀδυσεύς","from=/TEI[1]/text[1]/body[1]/div[1]/div[1]/q[11]/l[1]::10;to=/TEI[1]/text[1]/body[1]/div[1]/div[1]/q[11]/l[1]::17","PERSON","","","","","","","","https://en.wikipedia.org/wiki/Odysseus","","",""
"f93a69cf-6ac5-4444-8ed6-4ab2024b886d","cts-import.tei.xml","Ὀδυσσεύς","from=/TEI[1]/text[1]/body[1]/div[1]/div[1]/l[80]::57;to=/TEI[1]/text[1]/body[1]/div[1]/div[1]/l[80]::65","PERSON","","","","","","","","https://en.wikipedia.org/wiki/Odysseus","","",""
"2724c691-0537-49db-932d-ba9c559e52c6","cts-import.tei.xml","Παρνησῷ","from=/TEI[1]/text[1]/body[1]/div[1]/div[1]/q[12]/l[2]::7;to=/TEI[1]/text[1]/body[1]/div[1]/div[1]/q[12]/l[2]::14","PLACE","http://pleiades.stoa.org/places/541012","Parnassus M.|Parnassus Mons, Parnassus","","38.5348857","22.6222206","mountain","VERIFIED","","","",""
"7c7cd42e-5944-4f51-8c0a-9783a5828c4f","cts-import.tei.xml","Αὐτόλυκον","from=/TEI[1]/text[1]/body[1]/div[1]/div[1]/q[12]/l[4]::10;to=/TEI[1]/text[1]/body[1]/div[1]/div[1]/q[12]/l[4]::19","PERSON","","","","","","","","https://en.wikipedia.org/wiki/Autolycus","","",""
"c37b118e-9e8f-442a-a519-7e604c9eda98","cts-import.tei.xml","Διὸς","from=/TEI[1]/text[1]/body[1]/div[1]/div[1]/q[12]/l[14]::10;to=/TEI[1]/text[1]/body[1]/div[1]/div[1]/q[12]/l[14]::14","PERSON","","","","","","","","https://en.wikipedia.org/wiki/Zeus","","",""
"622aa3f1-852f-43cf-9a7b-e16f94b3ff59","cts-import.tei.xml","Ὀδυσσεύς","from=/TEI[1]/text[1]/body[1]/div[1]/div[1]/l[82]::39;to=/TEI[1]/text[1]/body[1]/div[1]/div[1]/l[82]::47","PERSON","","","","","","","","https://en.wikipedia.org/wiki/Odysseus","","",""
"e2b561cd-57b1-46d2-8768-110c1d1f42e5","cts-import.tei.xml","Ὀδυσσεύς","from=/TEI[1]/text[1]/body[1]/div[1]/div[1]/l[84]::31;to=/TEI[1]/text[1]/body[1]/div[1]/div[1]/l[84]::39","PERSON","","","","","","","","https://en.wikipedia.org/wiki/Odysseus","","",""
"dbd07413-a129-4280-b922-92fdca4bc2ea","cts-import.tei.xml","Ζεῦ","from=/TEI[1]/text[1]/body[1]/div[1]/div[1]/q[13]/l[1]::0;to=/TEI[1]/text[1]/body[1]/div[1]/div[1]/q[13]/l[1]::3","PERSON","","","","","","","","https://en.wikipedia.org/wiki/Zeus","","",""
"53c3aa2c-8676-45bd-be8c-1fba7e39aaab","cts-import.tei.xml","Ὄλυμπον","from=/TEI[1]/text[1]/body[1]/div[1]/div[1]/q[13]/l[1]::63;to=/TEI[1]/text[1]/body[1]/div[1]/div[1]/q[13]/l[1]::70","PLACE","http://pleiades.stoa.org/places/491677","Olympus/Hadrianopolis|Olympos (mountain in Greece)|Olympus Mons, Mount Olympos|Olympus/Hadrianopolis, Deliktaş","-0750/0640","40.0862269","22.3584897","mountain,settlement","VERIFIED","","","",""
"0473fc58-d4a9-4336-9318-2238d0f8e3ab","cts-import.tei.xml","Ἰθακήσιοι","from=/TEI[1]/text[1]/body[1]/div[1]/div[1]/q[13]/l[4]::17;to=/TEI[1]/text[1]/body[1]/div[1]/div[1]/q[13]/l[4]::26","PLACE","http://pleiades.stoa.org/places/530906","Ithaca Ins.|Ithaca|Ithaca, Ithaca|Ithaca Ins., Ithaca","-0750/0640","38.44193","20.638399","island,settlement","VERIFIED","","","",""
"0e5b522e-babb-4ba7-b5cc-c3eb7f0fb491","cts-import.tei.xml","Κεφαλλήνων","from=/TEI[1]/text[1]/body[1]/div[1]/div[1]/q[13]/l[5]::17;to=/TEI[1]/text[1]/body[1]/div[1]/div[1]/q[13]/l[5]::27","PLACE","http://pleiades.stoa.org/places/530826","Cephallania (island)|Cephallania Ins., Kephallenia","-0750/0640","38.2","20.59","island","VERIFIED","","","",""
"88ca4536-4ab5-4ba0-91eb-0e6ab606f089","cts-import.tei.xml","Ὀδυσσεύς","from=/TEI[1]/text[1]/body[1]/div[1]/div[1]/l[87]::57;to=/TEI[1]/text[1]/body[1]/div[1]/div[1]/l[87]::65","PERSON","","","","","","","","https://en.wikipedia.org/wiki/Odysseus","","",""
"2e2a9611-2d81-4f94-806f-3f2ff311f41c","cts-import.tei.xml","Τηλέμαχον","from=/TEI[1]/text[1]/body[1]/div[1]/div[1]/q[14]/l[3]::8;to=/TEI[1]/text[1]/body[1]/div[1]/div[1]/q[14]/l[3]::17","PERSON","","","","","","","","https://en.wikipedia.org/wiki/Telemachus","","",""
"6aa5d161-01db-411c-b2ff-cf9e0e25f6de","cts-import.tei.xml","Τηλέμαχον","from=/TEI[1]/text[1]/body[1]/div[1]/div[1]/l[90]::6;to=/TEI[1]/text[1]/body[1]/div[1]/div[1]/l[90]::15","PERSON","","","","","","","","https://en.wikipedia.org/wiki/Telemachus","","",""
"3f35b2d1-2cdc-4840-b535-8a1e243c8cea","cts-import.tei.xml","Λαέρτην","from=/TEI[1]/text[1]/body[1]/div[1]/div[1]/l[92]::9;to=/TEI[1]/text[1]/body[1]/div[1]/div[1]/l[92]::16","PERSON","","","","","","","","https://en.wikipedia.org/wiki/Laertes","","",""
"9648feb4-30bb-4528-9034-8c708a3509c3","cts-import.tei.xml","Σικελὴ","from=/TEI[1]/text[1]/body[1]/div[1]/div[1]/l[93]::10;to=/TEI[1]/text[1]/body[1]/div[1]/div[1]/l[93]::16","PLACE","http://pleiades.stoa.org/places/462492","Sicilia (island)","-0750/2100","37.53667611952188","14.08648464579389","island","VERIFIED","","","",""
"6cfbce48-5a61-43e9-8c8e-811bf409774d","cts-import.tei.xml","Ἀθήνη","from=/TEI[1]/text[1]/body[1]/div[1]/div[1]/l[94]::39;to=/TEI[1]/text[1]/body[1]/div[1]/div[1]/l[94]::44","PERSON","","","","","","","","https://en.wikipedia.org/wiki/Athena","","",""
"3231a6ed-2bb7-4d6f-9465-beccf291b617","cts-import.tei.xml","Λαέρτης","from=/TEI[1]/text[1]/body[1]/div[1]/div[1]/l[100]::10;to=/TEI[1]/text[1]/body[1]/div[1]/div[1]/l[100]::17","PERSON","","","","","","","","https://en.wikipedia.org/wiki/Laertes","","",""
"cf9184da-9304-4bdc-9b0f-f88fb98f8cae","cts-import.tei.xml","Ζεῦ","from=/TEI[1]/text[1]/body[1]/div[1]/div[1]/q[16]/l[1]::8;to=/TEI[1]/text[1]/body[1]/div[1]/div[1]/q[16]/l[1]::11","PERSON","","","","","","","","https://en.wikipedia.org/wiki/Zeus","","",""
"ff110eab-1473-46af-a831-9ce633a00c82","cts-import.tei.xml","Ἀθηναίη","from=/TEI[1]/text[1]/body[1]/div[1]/div[1]/q[16]/l[1]::25;to=/TEI[1]/text[1]/body[1]/div[1]/div[1]/q[16]/l[1]::32","PERSON","","","","","","","","https://en.wikipedia.org/wiki/Athena","","",""
"7f327bc5-5c47-4bc1-898a-b8bbe1b5bb38","cts-import.tei.xml","Ἄπολλον","from=/TEI[1]/text[1]/body[1]/div[1]/div[1]/q[16]/l[1]::37;to=/TEI[1]/text[1]/body[1]/div[1]/div[1]/q[16]/l[1]::44","PERSON","","","","","","","","https://en.wikipedia.org/wiki/Apollo","","",""
"d0184e68-aa3d-45cd-9bf8-9adf9634f9b8","cts-import.tei.xml","Νήρικον","from=/TEI[1]/text[1]/body[1]/div[1]/div[1]/q[16]/l[2]::5;to=/TEI[1]/text[1]/body[1]/div[1]/div[1]/q[16]/l[2]::12","PLACE","http://pleiades.stoa.org/places/531012","Nerikos?|Nerikos?, Ag. Georgios","-0550/-0330","38.792331","20.735417","settlement","VERIFIED","","","",""
"ee7d8c65-b24d-46e3-94f5-08dcc817ff74","cts-import.tei.xml","Κεφαλλήνεσσιν","from=/TEI[1]/text[1]/body[1]/div[1]/div[1]/q[16]/l[3]::16;to=/TEI[1]/text[1]/body[1]/div[1]/div[1]/q[16]/l[3]::29","PLACE","http://pleiades.stoa.org/places/530826","Cephallania (island)|Cephallania Ins., Kephallenia","-0750/0640","38.2","20.59","island","VERIFIED","","","",""
"e1595dd9-4b2c-423d-975e-300a034c9914","cts-import.tei.xml","Δολίος","from=/TEI[1]/text[1]/body[1]/div[1]/div[1]/l[105]::13;to=/TEI[1]/text[1]/body[1]/div[1]/div[1]/l[105]::19","PERSON","","","","","","","","https://en.wikipedia.org/wiki/Dolius","","",""
"482b13e3-2289-4eff-9efb-2ce456b0f7dc","cts-import.tei.xml","Σικελή","from=/TEI[1]/text[1]/body[1]/div[1]/div[1]/l[107]::12;to=/TEI[1]/text[1]/body[1]/div[1]/div[1]/l[107]::18","PLACE","http://pleiades.stoa.org/places/462492","Sicilia (island)","-0750/2100","37.53667611952188","14.08648464579389","island","VERIFIED","","","",""
"ee76fe67-3fe5-466d-98f7-015cc966cd63","cts-import.tei.xml","Ὀδυσῆα","from=/TEI[1]/text[1]/body[1]/div[1]/div[1]/l[109]::13;to=/TEI[1]/text[1]/body[1]/div[1]/div[1]/l[109]::19","PERSON","","","","","","","","https://en.wikipedia.org/wiki/Odysseus","","",""
"304606f2-6a82-4551-93d7-0b124793a2fd","cts-import.tei.xml","Ὀδυσσεὺς","from=/TEI[1]/text[1]/body[1]/div[1]/div[1]/l[110]::37;to=/TEI[1]/text[1]/body[1]/div[1]/div[1]/l[110]::45","PERSON","","","","","","","","https://en.wikipedia.org/wiki/Odysseus","","",""
"1ef8eac2-0973-4eca-aea5-548ca77eee7a","cts-import.tei.xml","Δολίος","from=/TEI[1]/text[1]/body[1]/div[1]/div[1]/l[112]::11;to=/TEI[1]/text[1]/body[1]/div[1]/div[1]/l[112]::17","PERSON","","","","","","","","https://en.wikipedia.org/wiki/Dolius","","",""
"04d0bd5b-5ab6-4878-b484-f8d74a729613","cts-import.tei.xml","Ὀδυσεῦς","from=/TEI[1]/text[1]/body[1]/div[1]/div[1]/l[113]::11;to=/TEI[1]/text[1]/body[1]/div[1]/div[1]/l[113]::18","PERSON","","","","","","","","https://en.wikipedia.org/wiki/Odysseus","","",""
"589c8b6d-c140-412d-ad95-ce7da67fdd65","cts-import.tei.xml","Πηνελόπεια","from=/TEI[1]/text[1]/body[1]/div[1]/div[1]/q[18]/l[5]::25;to=/TEI[1]/text[1]/body[1]/div[1]/div[1]/q[18]/l[5]::35","PERSON","","","","","","","","https://en.wikipedia.org/wiki/Penelope","","",""
"f06b5950-c571-4d53-a4df-e6434ba5ea0f","cts-import.tei.xml","Ὀδυσσεύς","from=/TEI[1]/text[1]/body[1]/div[1]/div[1]/l[115]::39;to=/TEI[1]/text[1]/body[1]/div[1]/div[1]/l[115]::47","PERSON","","","","","","","","https://en.wikipedia.org/wiki/Odysseus","","",""
"c2295617-036d-4feb-ae00-e5817575561c","cts-import.tei.xml","Δολίου","from=/TEI[1]/text[1]/body[1]/div[1]/div[1]/l[117]::19;to=/TEI[1]/text[1]/body[1]/div[1]/div[1]/l[117]::25","PERSON","","","","","","","","https://en.wikipedia.org/wiki/Dolius","","",""
"7a55fef4-d553-4f85-a957-8ffbc4f77d78","cts-import.tei.xml","Ὀδυσῆα","from=/TEI[1]/text[1]/body[1]/div[1]/div[1]/l[117]::38;to=/TEI[1]/text[1]/body[1]/div[1]/div[1]/l[117]::44","PERSON","","","","","","","","https://en.wikipedia.org/wiki/Odysseus","","",""
"6954c3e7-fc1f-4910-9120-bcbfb87b3058","cts-import.tei.xml","Δολίον","from=/TEI[1]/text[1]/body[1]/div[1]/div[1]/l[119]::23;to=/TEI[1]/text[1]/body[1]/div[1]/div[1]/l[119]::29","PERSON","","","","","","","","https://en.wikipedia.org/wiki/Dolius","","",""
"c755be77-db95-41d8-bbac-df28115d7a58","cts-import.tei.xml","Ὀδυσῆος","from=/TEI[1]/text[1]/body[1]/div[1]/div[1]/l[124]::37;to=/TEI[1]/text[1]/body[1]/div[1]/div[1]/l[124]::44","PERSON","","","","","","","","https://en.wikipedia.org/wiki/Odysseus","","",""
"264928c5-989b-4983-bcb7-07d68214792c","cts-import.tei.xml","Εὐπείθης","from=/TEI[1]/text[1]/body[1]/div[1]/div[1]/l[130]::10;to=/TEI[1]/text[1]/body[1]/div[1]/div[1]/l[130]::18","PERSON","","","","","","","","https://en.wikipedia.org/wiki/Eupeithes","","",""
"8c8ac65d-82e0-43f3-b2f5-7e30efda0019","cts-import.tei.xml","Ἀντινόου","from=/TEI[1]/text[1]/body[1]/div[1]/div[1]/l[132]::0;to=/TEI[1]/text[1]/body[1]/div[1]/div[1]/l[132]::8","PERSON","","","","","","","","https://en.wikipedia.org/wiki/Antinous","","",""
"44da165d-2da2-4a8a-9d2b-2881086c865c","cts-import.tei.xml","Ὀδυσσεύς","from=/TEI[1]/text[1]/body[1]/div[1]/div[1]/l[132]::34;to=/TEI[1]/text[1]/body[1]/div[1]/div[1]/l[132]::42","PERSON","","","","","","","","https://en.wikipedia.org/wiki/Odysseus","","",""
"21508b06-11f1-4fe7-80d0-3d016c9691f2","cts-import.tei.xml","Ἀχαιούς","from=/TEI[1]/text[1]/body[1]/div[1]/div[1]/q[20]/l[1]::60;to=/TEI[1]/text[1]/body[1]/div[1]/div[1]/q[20]/l[1]::67","PLACE","http://pleiades.stoa.org/places/570028","Achaea/Achaia (region)","-0750/0300","38.102121472776034","22.224585911364017","region","VERIFIED","","","",""
"0531227a-c5a3-4a7d-8a8d-4b8fc8abc677","cts-import.tei.xml","Κεφαλλήνων","from=/TEI[1]/text[1]/body[1]/div[1]/div[1]/q[20]/l[4]::22;to=/TEI[1]/text[1]/body[1]/div[1]/div[1]/q[20]/l[4]::32","PLACE","http://pleiades.stoa.org/places/530826","Cephallania (island)|Cephallania Ins., Kephallenia","-0750/0640","38.2","20.59","island","VERIFIED","","","",""
"f21c2619-e663-4a9d-b529-5417db2644cb","cts-import.tei.xml","Πύλον","from=/TEI[1]/text[1]/body[1]/div[1]/div[1]/q[20]/l[5]::29;to=/TEI[1]/text[1]/body[1]/div[1]/div[1]/q[20]/l[5]::34","PLACE","http://pleiades.stoa.org/places/570640","Pylos/Koryphasion|Pylos/Koryphasion, Pylos","-0750/0640","36.91198","21.69583","settlement","VERIFIED","","","",""
"650e9faa-ad97-4f55-ac59-fdaa51ca230a","cts-import.tei.xml","Ἤλιδα","from=/TEI[1]/text[1]/body[1]/div[1]/div[1]/q[20]/l[6]::9;to=/TEI[1]/text[1]/body[1]/div[1]/div[1]/q[20]/l[6]::14","PLACE","http://pleiades.stoa.org/places/570220","Elis|Elis, Elis","-0750/0300","37.89131","21.37493","theatre,settlement","VERIFIED","","","",""
"2870041b-6cc9-4125-9228-29cc393fa15c","cts-import.tei.xml","Ἀχαιούς","from=/TEI[1]/text[1]/body[1]/div[1]/div[1]/l[134]::59;to=/TEI[1]/text[1]/body[1]/div[1]/div[1]/l[134]::66","PLACE","http://pleiades.stoa.org/places/570028","Achaea/Achaia (region)","-0750/0300","38.102121472776034","22.224585911364017","region","VERIFIED","","","",""
"7fe5236f-b006-4102-b71f-05b59c5e01f1","cts-import.tei.xml","Μέδων","from=/TEI[1]/text[1]/body[1]/div[1]/div[1]/l[135]::22;to=/TEI[1]/text[1]/body[1]/div[1]/div[1]/l[135]::27","PERSON","","","","","","","","https://en.wikipedia.org/wiki/Medon","","",""
"4fcc2f8c-d88d-462a-8235-295b1731f37b","cts-import.tei.xml","Ὀδυσῆος","from=/TEI[1]/text[1]/body[1]/div[1]/div[1]/l[136]::11;to=/TEI[1]/text[1]/body[1]/div[1]/div[1]/l[136]::18","PERSON","","","","","","","","https://en.wikipedia.org/wiki/Odysseus","","",""
"131ee9ad-f02b-452b-94ee-c2e280cbc3f5","cts-import.tei.xml","Μέδων","from=/TEI[1]/text[1]/body[1]/div[1]/div[1]/l[138]::22;to=/TEI[1]/text[1]/body[1]/div[1]/div[1]/l[138]::27","PERSON","","","","","","","","https://en.wikipedia.org/wiki/Medon","","",""
"9c1acc6a-8845-4a92-975f-1360649a5765","cts-import.tei.xml","Ἰθακήσιοι","from=/TEI[1]/text[1]/body[1]/div[1]/div[1]/q[21]/l[1]::20;to=/TEI[1]/text[1]/body[1]/div[1]/div[1]/q[21]/l[1]::29","PLACE","http://pleiades.stoa.org/places/530906","Ithaca Ins.|Ithaca|Ithaca, Ithaca|Ithaca Ins., Ithaca","-0750/0640","38.44193","20.638399","island,settlement","VERIFIED","","","",""
"5efc51b1-1f08-4521-9b7e-cdd149eee168","cts-import.tei.xml","Ὀδυσσεὺς","from=/TEI[1]/text[1]/body[1]/div[1]/div[1]/q[21]/l[1]::59;to=/TEI[1]/text[1]/body[1]/div[1]/div[1]/q[21]/l[1]::67","PERSON","","","","","","","","https://en.wikipedia.org/wiki/Odysseus","","",""
"0472928d-cd23-4bd2-8a88-32d1fda8e1ae","cts-import.tei.xml","Ὀδυσῆϊ","from=/TEI[1]/text[1]/body[1]/div[1]/div[1]/q[21]/l[3]::38;to=/TEI[1]/text[1]/body[1]/div[1]/div[1]/q[21]/l[3]::44","PERSON","","","","","","","","https://en.wikipedia.org/wiki/Odysseus","","",""
"f9b07f0b-2610-40ed-a4e4-428cd5cb3a94","cts-import.tei.xml","Μέντορι","from=/TEI[1]/text[1]/body[1]/div[1]/div[1]/q[21]/l[4]::20;to=/TEI[1]/text[1]/body[1]/div[1]/div[1]/q[21]/l[4]::27","PERSON","","","","","","","","https://en.wikipedia.org/wiki/Mentor_(Odyssey)","","",""
"a94b4a2e-a58b-440e-8d2f-3e630b40d2c0","cts-import.tei.xml","Ὀδυσῆος","from=/TEI[1]/text[1]/body[1]/div[1]/div[1]/q[21]/l[5]::37;to=/TEI[1]/text[1]/body[1]/div[1]/div[1]/q[21]/l[5]::44","PERSON","","","","","","","","https://en.wikipedia.org/wiki/Odysseus","","",""
"2475dcb4-72e9-4221-b133-83c782735de5","cts-import.tei.xml","Ἁλιθέρσης","from=/TEI[1]/text[1]/body[1]/div[1]/div[1]/l[140]::33;to=/TEI[1]/text[1]/body[1]/div[1]/div[1]/l[140]::42","PERSON","","","","","","","","https://en.wikipedia.org/wiki/Halitherses","","",""
"276f822b-e38f-4dce-8554-19b84bfed4f9","cts-import.tei.xml","Ἰθακήσιοι","from=/TEI[1]/text[1]/body[1]/div[1]/div[1]/q[22]/l[1]::20;to=/TEI[1]/text[1]/body[1]/div[1]/div[1]/q[22]/l[1]::29","PLACE","http://pleiades.stoa.org/places/530906","Ithaca Ins.|Ithaca|Ithaca, Ithaca|Ithaca Ins., Ithaca","-0750/0640","38.44193","20.638399","island,settlement","VERIFIED","","","",""
"96c03da6-591e-4dbc-b67d-04fc82833f2d","cts-import.tei.xml","Μέντορι","from=/TEI[1]/text[1]/body[1]/div[1]/div[1]/q[22]/l[3]::25;to=/TEI[1]/text[1]/body[1]/div[1]/div[1]/q[22]/l[3]::32","PERSON","","","","","","","","https://en.wikipedia.org/wiki/Mentor_(Odyssey)","","",""
"3cb6a4fc-7674-4300-9177-4afd7cc2aedc","cts-import.tei.xml","Εὐπείθει","from=/TEI[1]/text[1]/body[1]/div[1]/div[1]/l[145]::39;to=/TEI[1]/text[1]/body[1]/div[1]/div[1]/l[145]::47","PERSON","","","","","","","","https://en.wikipedia.org/wiki/Eupeithes","","",""
"a8990f20-4273-4c96-bf3d-ad56064a5758","cts-import.tei.xml","Εὐπείθης","from=/TEI[1]/text[1]/body[1]/div[1]/div[1]/l[149]::10;to=/TEI[1]/text[1]/body[1]/div[1]/div[1]/l[149]::18","PERSON","","","","","","","","https://en.wikipedia.org/wiki/Eupeithes","","",""
"f4330ea5-e526-4f1f-aed9-5414a27ab721","cts-import.tei.xml","Ἀθηναίη","from=/TEI[1]/text[1]/body[1]/div[1]/div[1]/l[152]::6;to=/TEI[1]/text[1]/body[1]/div[1]/div[1]/l[152]::13","PERSON","","","","","","","","https://en.wikipedia.org/wiki/Athena","","",""
"feef461e-eac8-43ac-b86e-7e0409eeadfb","cts-import.tei.xml","Ζῆνα","from=/TEI[1]/text[1]/body[1]/div[1]/div[1]/l[152]::14;to=/TEI[1]/text[1]/body[1]/div[1]/div[1]/l[152]::18","PERSON","","","","","","","","https://en.wikipedia.org/wiki/Zeus","","",""
"edd6c186-9f48-4736-8371-6d22eec5a301","cts-import.tei.xml","Κρονίωνα","from=/TEI[1]/text[1]/body[1]/div[1]/div[1]/l[152]::19;to=/TEI[1]/text[1]/body[1]/div[1]/div[1]/l[152]::27","PERSON","","","","","","","","https://en.wikipedia.org/wiki/Cronus","","",""
"8ed828dd-ddab-43a0-91de-1eda5dc53f59","cts-import.tei.xml","Κρονίδη","from=/TEI[1]/text[1]/body[1]/div[1]/div[1]/q[23]/l[1]::17;to=/TEI[1]/text[1]/body[1]/div[1]/div[1]/q[23]/l[1]::24","PERSON","","","","","","","","https://en.wikipedia.org/wiki/Cronus","","",""
"95b254d9-10d4-4cdf-b37f-4f730949f9f8","cts-import.tei.xml","Ζεύς","from=/TEI[1]/text[1]/body[1]/div[1]/div[1]/l[153]::42;to=/TEI[1]/text[1]/body[1]/div[1]/div[1]/l[153]::46","PERSON","","","","","","","","https://en.wikipedia.org/wiki/Zeus","","",""
"e8f6a806-0119-4bf3-9a52-7755fe9f1ae2","cts-import.tei.xml","Ὀδυσεὺς","from=/TEI[1]/text[1]/body[1]/div[1]/div[1]/q[24]/l[3]::17;to=/TEI[1]/text[1]/body[1]/div[1]/div[1]/q[24]/l[3]::24","PERSON","","","","","","","","https://en.wikipedia.org/wiki/Odysseus","","",""
"3840f11b-6f4c-4409-a20e-06eb63025250","cts-import.tei.xml","Ὀδυσσεύς","from=/TEI[1]/text[1]/body[1]/div[1]/div[1]/q[24]/l[5]::31;to=/TEI[1]/text[1]/body[1]/div[1]/div[1]/q[24]/l[5]::39","PERSON","","","","","","","","https://en.wikipedia.org/wiki/Odysseus","","",""
"f53b9b76-d76b-4ea4-a9f7-9cce09ccbcd2","cts-import.tei.xml","Ἀθήνην","from=/TEI[1]/text[1]/body[1]/div[1]/div[1]/l[154]::31;to=/TEI[1]/text[1]/body[1]/div[1]/div[1]/l[154]::37","PERSON","","","","","","","","https://en.wikipedia.org/wiki/Athena","","",""
"a728abbf-afbb-41cd-bcc8-a618ba634279","cts-import.tei.xml","Οὐλύμποιο","from=/TEI[1]/text[1]/body[1]/div[1]/div[1]/l[155]::11;to=/TEI[1]/text[1]/body[1]/div[1]/div[1]/l[155]::20","PLACE","http://pleiades.stoa.org/places/491677","Olympus/Hadrianopolis|Olympos (mountain in Greece)|Olympus Mons, Mount Olympos|Olympus/Hadrianopolis, Deliktaş","-0750/0640","40.0862269","22.3584897","mountain,settlement","VERIFIED","","","",""
"d47aa9e0-dc02-4f45-a6e0-0e90fff2521c","cts-import.tei.xml","Ὀδυσσεύς","from=/TEI[1]/text[1]/body[1]/div[1]/div[1]/l[157]::37;to=/TEI[1]/text[1]/body[1]/div[1]/div[1]/l[157]::45","PERSON","","","","","","","","https://en.wikipedia.org/wiki/Odysseus","","",""
"e2bf8c0c-e124-41f4-9938-524731abd7f9","cts-import.tei.xml","Δολίου","from=/TEI[1]/text[1]/body[1]/div[1]/div[1]/l[158]::21;to=/TEI[1]/text[1]/body[1]/div[1]/div[1]/l[158]::27","PERSON","","","","","","","","https://en.wikipedia.org/wiki/Dolius","","",""
"f7c9b354-df02-4f46-ae8c-e4547772ac56","cts-import.tei.xml","Ὀδυσσῆα","from=/TEI[1]/text[1]/body[1]/div[1]/div[1]/l[160]::8;to=/TEI[1]/text[1]/body[1]/div[1]/div[1]/l[160]::15","PERSON","","","","","","","","https://en.wikipedia.org/wiki/Odysseus","","",""
"cb28e690-88c3-4874-895e-440a6a8b492d","cts-import.tei.xml","Ὀδυσῆʼ","from=/TEI[1]/text[1]/body[1]/div[1]/div[1]/l[162]::14;to=/TEI[1]/text[1]/body[1]/div[1]/div[1]/l[162]::20","PERSON","","","","","","","","https://en.wikipedia.org/wiki/Odysseus","","",""
"af5a1fec-c2d7-431f-a7b4-6569fc2510d7","cts-import.tei.xml","Δολίοιο","from=/TEI[1]/text[1]/body[1]/div[1]/div[1]/l[162]::37;to=/TEI[1]/text[1]/body[1]/div[1]/div[1]/l[162]::44","PERSON","","","","","","","","https://en.wikipedia.org/wiki/Dolius","","",""
"5e4e76c6-4a79-420c-961c-ee9d589d82da","cts-import.tei.xml","Λαέρτης","from=/TEI[1]/text[1]/body[1]/div[1]/div[1]/l[163]::10;to=/TEI[1]/text[1]/body[1]/div[1]/div[1]/l[163]::17","PERSON","","","","","","","","https://en.wikipedia.org/wiki/Laertes","","",""
"550b32a3-d138-406a-9b60-7d735e7977b8","cts-import.tei.xml","Δολίος","from=/TEI[1]/text[1]/body[1]/div[1]/div[1]/l[163]::18;to=/TEI[1]/text[1]/body[1]/div[1]/div[1]/l[163]::24","PERSON","","","","","","","","https://en.wikipedia.org/wiki/Dolius","","",""
"19118f0f-cf31-433f-91ae-647a1d20848b","cts-import.tei.xml","Ὀδυσσεύς","from=/TEI[1]/text[1]/body[1]/div[1]/div[1]/l[166]::36;to=/TEI[1]/text[1]/body[1]/div[1]/div[1]/l[166]::44","PERSON","","","","","","","","https://en.wikipedia.org/wiki/Odysseus","","",""
"4784199f-92d7-48de-b378-98ca564e4981","cts-import.tei.xml","Διὸς","from=/TEI[1]/text[1]/body[1]/div[1]/div[1]/l[167]::31;to=/TEI[1]/text[1]/body[1]/div[1]/div[1]/l[167]::35","PERSON","","","","","","","","https://en.wikipedia.org/wiki/Zeus","","",""
"b5c5d78b-ccc8-4777-aab0-d35d21042aee","cts-import.tei.xml","Ἀθήνη","from=/TEI[1]/text[1]/body[1]/div[1]/div[1]/l[167]::42;to=/TEI[1]/text[1]/body[1]/div[1]/div[1]/l[167]::47","PERSON","","","","","","","","https://en.wikipedia.org/wiki/Athena","","",""
"1621b603-9d78-439c-818f-5cf74a2fa779","cts-import.tei.xml","Μέντορι","from=/TEI[1]/text[1]/body[1]/div[1]/div[1]/l[168]::0;to=/TEI[1]/text[1]/body[1]/div[1]/div[1]/l[168]::7","PERSON","","","","","","","","https://en.wikipedia.org/wiki/Mentor_(Odyssey)","","",""
"3b5cbeaf-9a0b-4a8a-923d-224fd35103c1","cts-import.tei.xml","Ὀδυσσεύς","from=/TEI[1]/text[1]/body[1]/div[1]/div[1]/l[169]::34;to=/TEI[1]/text[1]/body[1]/div[1]/div[1]/l[169]::42","PERSON","","","","","","","","https://en.wikipedia.org/wiki/Odysseus","","",""
"b7e0b2ae-9b88-4425-beae-210b5f1a42c2","cts-import.tei.xml","Τηλέμαχον","from=/TEI[1]/text[1]/body[1]/div[1]/div[1]/l[170]::8;to=/TEI[1]/text[1]/body[1]/div[1]/div[1]/l[170]::17","PERSON","","","","","","","","https://en.wikipedia.org/wiki/Telemachus","","",""
"43957074-7a5e-4897-87a4-eb55e012a935","cts-import.tei.xml","Τηλέμαχʼ","from=/TEI[1]/text[1]/body[1]/div[1]/div[1]/q[27]/l[1]::0;to=/TEI[1]/text[1]/body[1]/div[1]/div[1]/q[27]/l[1]::8","PERSON","","","","","","","","https://en.wikipedia.org/wiki/Telemachus","","",""
"1cec146c-3514-4294-84be-a71cd337c496","cts-import.tei.xml","Τηλέμαχος","from=/TEI[1]/text[1]/body[1]/div[1]/div[1]/l[171]::10;to=/TEI[1]/text[1]/body[1]/div[1]/div[1]/l[171]::19","PERSON","","","","","","","","https://en.wikipedia.org/wiki/Telemachus","","",""
"f3a18aaa-9aba-4cc7-b6d1-9072c32088c4","cts-import.tei.xml","Λαέρτης","from=/TEI[1]/text[1]/body[1]/div[1]/div[1]/l[172]::9;to=/TEI[1]/text[1]/body[1]/div[1]/div[1]/l[172]::16","PERSON","","","","","","","","https://en.wikipedia.org/wiki/Laertes","","",""
"c8f10d8e-d1dc-40f7-9d67-a223592490a9","cts-import.tei.xml","Ἀθήνη","from=/TEI[1]/text[1]/body[1]/div[1]/div[1]/l[173]::37;to=/TEI[1]/text[1]/body[1]/div[1]/div[1]/l[173]::42","PERSON","","","","","","","","https://en.wikipedia.org/wiki/Athena","","",""
"2c0543af-a6a0-49ce-acb0-83f802f3ad99","cts-import.tei.xml","Ἀρκεισιάδη","from=/TEI[1]/text[1]/body[1]/div[1]/div[1]/q[30]/l[1]::2;to=/TEI[1]/text[1]/body[1]/div[1]/div[1]/q[30]/l[1]::12","PERSON","","","","","","","","https://en.wikipedia.org/wiki/Arcesius","","",""
"c3091b6e-7593-459e-8b25-24688871aecb","cts-import.tei.xml","Διὶ","from=/TEI[1]/text[1]/body[1]/div[1]/div[1]/q[30]/l[2]::31;to=/TEI[1]/text[1]/body[1]/div[1]/div[1]/q[30]/l[2]::34","PERSON","","","","","","","","https://en.wikipedia.org/wiki/Zeus","","",""
"bfd4c059-442d-4c7d-b456-c7bcdd6d8d2a","cts-import.tei.xml","Ἀθήνη","from=/TEI[1]/text[1]/body[1]/div[1]/div[1]/l[174]::61;to=/TEI[1]/text[1]/body[1]/div[1]/div[1]/l[174]::66","PERSON","","","","","","","","https://en.wikipedia.org/wiki/Athena","","",""
"b9ed1b30-053b-4874-8bc9-5d6e04b09ef8","cts-import.tei.xml","Διὸς","from=/TEI[1]/text[1]/body[1]/div[1]/div[1]/l[175]::24;to=/TEI[1]/text[1]/body[1]/div[1]/div[1]/l[175]::28","PERSON","","","","","","","","https://en.wikipedia.org/wiki/Zeus","","",""
"aa01a25e-3c06-464f-a112-85addc63b125","cts-import.tei.xml","Εὐπείθεα","from=/TEI[1]/text[1]/body[1]/div[1]/div[1]/l[177]::10;to=/TEI[1]/text[1]/body[1]/div[1]/div[1]/l[177]::18","PERSON","","","","","","","","https://en.wikipedia.org/wiki/Eupeithes","","",""
"fc406bed-60ad-44e0-9986-4baaa61a151c","cts-import.tei.xml","Ὀδυσεὺς","from=/TEI[1]/text[1]/body[1]/div[1]/div[1]/l[180]::23;to=/TEI[1]/text[1]/body[1]/div[1]/div[1]/l[180]::30","PERSON","","","","","","","","https://en.wikipedia.org/wiki/Odysseus","","",""
"06b023bb-cd26-4109-a5c8-13350821624a","cts-import.tei.xml","Ἀθηναίη","from=/TEI[1]/text[1]/body[1]/div[1]/div[1]/l[183]::6;to=/TEI[1]/text[1]/body[1]/div[1]/div[1]/l[183]::13","PERSON","","","","","","","","https://en.wikipedia.org/wiki/Athena","","",""
"b3328e1d-d16f-4f19-a115-ec997ac520bc","cts-import.tei.xml","Διὸς","from=/TEI[1]/text[1]/body[1]/div[1]/div[1]/l[183]::21;to=/TEI[1]/text[1]/body[1]/div[1]/div[1]/l[183]::25","PERSON","","","","","","","","https://en.wikipedia.org/wiki/Zeus","","",""
"7bf1f9c8-fabf-4177-8fc7-915c0880562b","cts-import.tei.xml","Ἰθακήσιοι","from=/TEI[1]/text[1]/body[1]/div[1]/div[1]/q[31]/l[1]::18;to=/TEI[1]/text[1]/body[1]/div[1]/div[1]/q[31]/l[1]::27","PLACE","http://pleiades.stoa.org/places/530906","Ithaca Ins.|Ithaca|Ithaca, Ithaca|Ithaca Ins., Ithaca","-0750/0640","38.44193","20.638399","island,settlement","VERIFIED","","","",""
"5f17c36f-a8d7-4827-84a4-8de194691def","cts-import.tei.xml","Ἀθηναίη","from=/TEI[1]/text[1]/body[1]/div[1]/div[1]/l[185]::8;to=/TEI[1]/text[1]/body[1]/div[1]/div[1]/l[185]::15","PERSON","","","","","","","","https://en.wikipedia.org/wiki/Athena","","",""
"691662a8-7e6f-4f9d-9445-2ae4ba8af2a5","cts-import.tei.xml","Ὀδυσσεύς","from=/TEI[1]/text[1]/body[1]/div[1]/div[1]/l[189]::35;to=/TEI[1]/text[1]/body[1]/div[1]/div[1]/l[189]::43","PERSON","","","","","","","","https://en.wikipedia.org/wiki/Odysseus","","",""
"f52a3cc4-7578-4e1b-9aff-e10e7b9a1ed7","cts-import.tei.xml","Κρονίδης","from=/TEI[1]/text[1]/body[1]/div[1]/div[1]/l[191]::12;to=/TEI[1]/text[1]/body[1]/div[1]/div[1]/l[191]::20","PERSON","","","","","","","","https://en.wikipedia.org/wiki/Cronus","","",""
"2ae44f18-a459-4d80-9b84-da490a3bd9d0","cts-import.tei.xml","Ὀδυσσῆα","from=/TEI[1]/text[1]/body[1]/div[1]/div[1]/l[193]::8;to=/TEI[1]/text[1]/body[1]/div[1]/div[1]/l[193]::15","PERSON","","","","","","","","https://en.wikipedia.org/wiki/Odysseus","","",""
"bb74e70b-875f-4bcf-869e-65bca543bc34","cts-import.tei.xml","Ἀθήνη","from=/TEI[1]/text[1]/body[1]/div[1]/div[1]/l[193]::34;to=/TEI[1]/text[1]/body[1]/div[1]/div[1]/l[193]::39","PERSON","","","","","","","","https://en.wikipedia.org/wiki/Athena","","",""
"959093a1-f7b9-4b12-bdde-b2b84bc2ed3f","cts-import.tei.xml","Λαερτιάδη","from=/TEI[1]/text[1]/body[1]/div[1]/div[1]/q[32]/l[1]::9;to=/TEI[1]/text[1]/body[1]/div[1]/div[1]/q[32]/l[1]::18","PERSON","","","","","","","","https://en.wikipedia.org/wiki/Laertes","","",""
"fa7ec030-b901-48e8-81ad-a74077ab1be1","cts-import.tei.xml","Ὀδυσσεῦ","from=/TEI[1]/text[1]/body[1]/div[1]/div[1]/q[32]/l[1]::31;to=/TEI[1]/text[1]/body[1]/div[1]/div[1]/q[32]/l[1]::38","PERSON","","","","","","","","https://en.wikipedia.org/wiki/Odysseus","","",""
"a72e9d4b-3774-46ba-97c0-22868bb7f007","cts-import.tei.xml","Κρονίδης","from=/TEI[1]/text[1]/body[1]/div[1]/div[1]/q[32]/l[3]::11;to=/TEI[1]/text[1]/body[1]/div[1]/div[1]/q[32]/l[3]::19","PERSON","","","","","","","","https://en.wikipedia.org/wiki/Cronus","","",""
"94855aa1-ac39-40d3-a80e-de09faa94b47","cts-import.tei.xml","Ζεύς","from=/TEI[1]/text[1]/body[1]/div[1]/div[1]/q[32]/l[3]::40;to=/TEI[1]/text[1]/body[1]/div[1]/div[1]/q[32]/l[3]::44","PERSON","","","","","","","","https://en.wikipedia.org/wiki/Zeus","","",""
"f46ff5e1-0b31-4a35-a6c6-464a247d70ae","cts-import.tei.xml","Ἀθηναίη","from=/TEI[1]/text[1]/body[1]/div[1]/div[1]/l[194]::8;to=/TEI[1]/text[1]/body[1]/div[1]/div[1]/l[194]::15","PERSON","","","","","","","","https://en.wikipedia.org/wiki/Athena","","",""
"f0e253da-891e-48a3-befb-dd8cd9679bbf","cts-import.tei.xml","Ἀθηναίη","from=/TEI[1]/text[1]/body[1]/div[1]/div[1]/l[196]::7;to=/TEI[1]/text[1]/body[1]/div[1]/div[1]/l[196]::14","PERSON","","","","","","","","https://en.wikipedia.org/wiki/Athena","","",""
"0aaf58a7-8727-4a5c-8797-bc0daaf71938","cts-import.tei.xml","Διὸς","from=/TEI[1]/text[1]/body[1]/div[1]/div[1]/l[196]::22;to=/TEI[1]/text[1]/body[1]/div[1]/div[1]/l[196]::26","PERSON","","","","","","","","https://en.wikipedia.org/wiki/Zeus","","",""
"88ca4bf9-601b-44ba-a9bc-33d9b5262834","cts-import.tei.xml","Μέντορι","from=/TEI[1]/text[1]/body[1]/div[1]/div[1]/l[197]::0;to=/TEI[1]/text[1]/body[1]/div[1]/div[1]/l[197]::7","PERSON","","","","","","","","https://en.wikipedia.org/wiki/Mentor_(Odyssey)","","",""
